checking_account,duration_months,credit_history,purpose,credit_amount,savings_account,employment_length,installment_rate,personal_status,other_debtors,residence_years,property,age,other_installment_plans,housing,num_existing_credits,job,num_dependents,telephone,foreign_worker,credit_risk
A12,21,A34,A42,2098,A62,A73,2,A93,A101,4,A122,32,A143,A152,1,A173,1,A192,A201,2
A14,11,A32,A44,3710,A61,A72,1,A93,A101,2,A122,34,A143,A152,2,A174,1,A191,A201,1
A14,23,A32,A48,3921,A61,A73,4,A94,A101,4,A122,54,A143,A152,2,A173,1,A191,A201,1
A13,26,A32,A40,1218,A61,A73,2,A93,A101,4,A124,46,A141,A153,1,A172,1,A192,A201,1
A11,25,A32,A40,1021,A61,A72,4,A93,A101,2,A123,46,A143,A152,1,A173,2,A192,A201,1
A11,32,A32,A46,1909,A61,A73,4,A92,A103,2,A124,40,A141,A152,1,A173,1,A192,A202,2
A11,29,A32,A42,3304,A61,A73,4,A95,A101,2,A121,27,A143,A152,1,A174,1,A191,A201,2
A14,24,A32,A43,1992,A61,A73,3,A92,A102,2,A123,36,A142,A152,2,A173,1,A191,A201,1
A13,19,A30,A48,599,A65,A74,4,A93,A101,3,A123,46,A143,A152,1,A173,1,A192,A201,1
A14,9,A30,A40,1030,A62,A71,3,A93,A101,3,A123,26,A143,A152,2,A171,1,A191,A201,1
A11,24,A32,A43,1716,A65,A75,4,A93,A101,4,A123,42,A143,A152,2,A173,1,A191,A201,1
A14,22,A30,A40,1714,A63,A74,3,A93,A101,3,A123,65,A143,A152,3,A172,1,A191,A201,1
A14,22,A32,A42,7192,A61,A73,2,A92,A101,1,A124,47,A143,A151,1,A173,2,A191,A201,1
A11,11,A32,A44,685,A63,A71,3,A93,A101,4,A123,52,A141,A152,1,A173,1,A191,A201,1
A11,12,A34,A42,2575,A61,A75,3,A93,A101,2,A121,38,A142,A152,1,A172,1,A192,A201,1
A11,32,A32,A49,5127,A62,A75,4,A94,A101,4,A124,46,A143,A151,2,A173,1,A191,A201,2
A12,19,A32,A43,8866,A61,A73,4,A92,A101,1,A122,30,A143,A152,2,A172,1,A192,A201,2
A12,27,A32,A41,1362,A65,A73,4,A95,A101,4,A121,44,A143,A152,1,A172,1,A192,A201,1
A12,20,A34,A40,2550,A61,A72,2,A93,A101,1,A124,43,A143,A152,1,A173,1,A192,A201,1
A12,20,A32,A42,2694,A61,A74,4,A94,A101,2,A122,39,A143,A151,1,A172,1,A192,A201,1
A14,30,A31,A42,2073,A65,A72,3,A93,A101,1,A123,50,A143,A152,1,A173,1,A192,A201,1
A11,15,A32,A40,1687,A61,A73,4,A93,A101,4,A121,31,A141,A152,1,A172,1,A192,A201,1
A12,20,A32,A42,2453,A62,A74,4,A95,A101,4,A121,34,A141,A152,1,A172,1,A192,A201,1
A12,16,A32,A42,307,A63,A73,1,A95,A101,2,A122,37,A143,A152,1,A173,1,A192,A201,1
A12,16,A32,A43,2914,A65,A73,4,A93,A101,4,A121,28,A143,A152,2,A173,1,A192,A201,1
A14,17,A34,A43,1975,A65,A73,1,A93,A101,3,A123,38,A141,A152,1,A172,1,A192,A201,1
A11,22,A32,A43,1547,A65,A73,3,A93,A101,4,A121,23,A143,A152,1,A173,1,A191,A201,1
A12,16,A33,A40,7576,A61,A71,3,A93,A101,4,A122,47,A143,A152,1,A173,1,A192,A202,2
A13,35,A34,A40,1127,A65,A72,2,A93,A101,2,A121,37,A143,A152,2,A173,1,A192,A201,1
A11,13,A32,A43,1363,A62,A75,4,A93,A101,2,A122,32,A143,A152,1,A172,1,A192,A201,1
A14,18,A32,A42,7288,A62,A72,1,A94,A101,4,A123,29,A143,A152,2,A173,1,A191,A201,1
A11,16,A32,A40,1009,A61,A74,2,A92,A101,4,A121,34,A143,A152,1,A173,1,A191,A201,1
A11,38,A32,A44,1230,A62,A75,4,A93,A101,4,A123,43,A143,A151,3,A172,1,A192,A201,1
A14,21,A32,A43,1631,A65,A73,4,A92,A101,4,A124,41,A143,A152,2,A174,1,A191,A201,1
A14,31,A34,A43,3256,A65,A73,4,A93,A101,1,A123,30,A141,A152,1,A174,2,A192,A202,1
A14,10,A34,A40,2091,A61,A73,4,A92,A101,4,A123,29,A143,A152,3,A173,1,A192,A201,2
A12,22,A32,A43,731,A61,A75,4,A93,A101,2,A121,43,A143,A152,1,A173,2,A192,A201,1
A11,29,A32,A43,1245,A61,A75,3,A93,A101,4,A121,30,A142,A152,1,A173,1,A192,A201,1
A14,20,A34,A43,1181,A65,A74,1,A94,A101,3,A124,37,A143,A152,1,A173,2,A192,A201,1
A12,32,A34,A43,1712,A62,A72,2,A92,A101,3,A123,37,A141,A152,1,A173,1,A192,A201,1
A11,15,A34,A44,2435,A61,A74,3,A93,A102,3,A123,39,A143,A152,2,A173,1,A192,A201,2
A12,37,A30,A43,2422,A61,A73,4,A93,A101,2,A123,45,A143,A153,2,A173,1,A192,A201,2
A11,56,A33,A40,521,A61,A73,3,A94,A101,1,A122,26,A143,A152,1,A173,1,A192,A201,2
A14,17,A31,A43,3807,A61,A71,4,A93,A101,4,A121,22,A142,A152,1,A173,1,A192,A201,1
A11,16,A32,A43,2157,A65,A72,3,A93,A101,4,A123,31,A142,A152,1,A174,1,A192,A201,1
A14,38,A31,A43,4765,A62,A75,1,A93,A101,2,A123,57,A143,A152,2,A171,2,A191,A201,1
A12,40,A32,A40,2467,A61,A73,2,A94,A101,4,A122,60,A143,A152,1,A173,1,A191,A201,2
A12,15,A33,A40,3908,A61,A73,4,A91,A101,4,A124,57,A141,A152,2,A174,1,A192,A201,2
A13,16,A32,A47,2506,A61,A73,4,A93,A101,2,A122,34,A143,A152,1,A173,1,A191,A201,1
A11,17,A32,A43,4639,A65,A75,4,A95,A101,2,A122,23,A143,A152,1,A174,2,A192,A201,1
A14,10,A32,A48,2606,A61,A75,2,A93,A101,4,A124,20,A141,A152,2,A173,1,A191,A201,1
A14,13,A32,A43,1688,A61,A73,4,A93,A101,4,A123,31,A143,A152,1,A172,1,A192,A201,2
A14,12,A32,A43,8872,A61,A72,2,A93,A101,3,A123,34,A143,A152,1,A173,1,A191,A201,1
A14,14,A32,A43,3368,A62,A73,1,A93,A101,3,A121,50,A143,A152,1,A173,1,A192,A201,1
A13,19,A34,A47,2701,A62,A75,4,A93,A101,1,A121,45,A143,A152,1,A173,2,A191,A201,1
A14,22,A31,A43,739,A63,A74,2,A93,A101,3,A123,38,A143,A152,4,A173,1,A192,A201,1
A11,40,A31,A43,733,A61,A73,4,A93,A101,2,A122,29,A143,A151,1,A173,1,A191,A201,2
A11,12,A32,A40,2219,A61,A74,2,A93,A101,2,A123,28,A143,A152,1,A173,1,A191,A202,1
A11,31,A34,A42,2001,A61,A73,4,A94,A101,4,A124,38,A143,A152,1,A173,1,A192,A201,1
A12,18,A33,A43,1176,A62,A75,4,A92,A101,4,A123,43,A143,A151,1,A173,1,A191,A201,1
A12,19,A33,A41,1995,A61,A73,2,A93,A101,2,A122,40,A143,A152,2,A173,1,A191,A201,2
A11,27,A32,A40,5497,A61,A72,4,A93,A101,2,A123,28,A143,A152,3,A173,1,A192,A201,2
A14,12,A32,A41,2941,A65,A72,2,A93,A101,4,A122,43,A143,A151,2,A172,1,A191,A201,1
A12,23,A30,A41,813,A65,A73,4,A92,A101,4,A121,40,A143,A152,1,A173,1,A192,A201,1
A12,21,A33,A40,1672,A61,A75,3,A93,A101,4,A121,28,A143,A152,1,A173,1,A191,A201,2
A12,25,A34,A42,1029,A61,A73,2,A94,A101,4,A122,30,A143,A152,1,A174,2,A191,A201,2
A11,22,A32,A48,1378,A61,A75,2,A93,A101,3,A124,43,A143,A152,2,A171,2,A192,A201,2
A14,60,A34,A42,1353,A62,A75,2,A95,A101,4,A121,34,A143,A152,1,A174,1,A191,A201,1
A11,15,A34,A40,1294,A65,A73,4,A95,A101,2,A121,54,A143,A152,1,A173,1,A192,A201,2
A14,15,A32,A40,750,A61,A71,3,A92,A101,2,A124,41,A141,A152,3,A173,1,A192,A201,1
A14,15,A34,A43,1653,A61,A72,2,A92,A103,2,A121,32,A143,A151,1,A172,1,A191,A201,2
A11,15,A31,A42,1221,A65,A74,3,A95,A101,3,A123,36,A143,A153,1,A173,1,A192,A201,1
A11,15,A32,A45,250,A65,A72,2,A95,A101,4,A122,37,A143,A152,1,A173,1,A191,A201,1
A14,34,A32,A43,7608,A61,A73,4,A92,A102,4,A121,30,A143,A151,1,A173,1,A191,A201,1
A14,38,A30,A43,3874,A61,A73,4,A91,A101,2,A124,29,A143,A152,1,A173,1,A191,A201,2
A14,15,A32,A41,1389,A61,A74,3,A92,A101,2,A121,43,A143,A152,1,A173,1,A192,A201,1
A14,13,A32,A43,1832,A61,A72,4,A95,A101,2,A123,45,A143,A152,1,A173,1,A192,A201,1
A11,24,A32,A41,796,A65,A73,4,A92,A101,2,A121,42,A141,A152,1,A173,1,A191,A201,1
A12,15,A32,A48,5925,A65,A73,2,A93,A101,3,A121,53,A143,A152,2,A173,1,A192,A201,1
A11,26,A31,A43,6823,A63,A73,4,A94,A101,4,A121,31,A143,A152,1,A173,1,A192,A201,2
A14,22,A32,A41,2017,A61,A75,3,A91,A101,4,A121,55,A143,A152,2,A174,1,A191,A202,1
A14,10,A32,A41,3701,A65,A72,4,A93,A101,4,A121,29,A141,A151,1,A173,1,A192,A201,1
A12,40,A32,A40,2044,A61,A75,4,A93,A101,4,A123,28,A143,A153,1,A173,1,A192,A201,1
A11,45,A34,A43,709,A61,A74,3,A94,A101,3,A122,23,A143,A153,3,A173,1,A191,A201,2
A12,15,A33,A40,1355,A61,A73,4,A93,A101,2,A122,32,A143,A152,1,A173,1,A191,A201,1
A12,16,A34,A43,1982,A61,A74,4,A93,A101,3,A122,32,A143,A152,1,A173,1,A192,A201,2
A14,22,A33,A41,1315,A63,A73,3,A93,A101,3,A124,41,A143,A151,2,A171,2,A192,A201,2
A14,23,A32,A43,1551,A61,A72,4,A92,A101,4,A124,38,A143,A152,1,A173,1,A192,A201,1
A14,27,A33,A45,1695,A61,A74,2,A91,A101,2,A123,27,A143,A151,1,A173,1,A191,A201,1
A12,49,A32,A43,1708,A61,A73,4,A93,A101,2,A124,33,A143,A151,1,A173,1,A192,A201,1
A11,18,A32,A43,1875,A61,A74,4,A93,A101,2,A122,33,A143,A152,2,A172,1,A192,A201,2
A14,14,A34,A40,860,A61,A73,1,A94,A101,4,A122,23,A141,A151,2,A173,2,A192,A201,1
A14,10,A32,A40,1094,A61,A75,2,A94,A102,3,A123,28,A143,A151,1,A174,1,A191,A201,1
A13,14,A34,A43,735,A65,A74,4,A93,A101,4,A123,30,A141,A152,1,A174,1,A192,A201,1
A14,19,A34,A42,3584,A61,A72,1,A93,A101,4,A122,52,A143,A151,1,A173,1,A191,A201,1
A12,45,A34,A42,414,A61,A73,1,A93,A101,2,A122,38,A143,A151,1,A172,1,A192,A201,1
A12,15,A34,A40,4054,A61,A75,3,A94,A101,3,A124,43,A143,A151,1,A173,2,A192,A201,2
A12,22,A32,A41,4771,A65,A75,3,A93,A101,4,A123,25,A143,A152,1,A173,1,A192,A201,1
A11,19,A32,A40,1463,A61,A73,3,A93,A101,3,A122,49,A143,A152,1,A173,1,A191,A201,2
A11,34,A32,A46,292,A61,A75,2,A93,A101,4,A123,50,A143,A152,1,A174,2,A192,A201,1
A11,62,A32,A41,1404,A61,A73,2,A93,A101,2,A121,22,A143,A152,3,A173,1,A192,A201,1
A14,15,A32,A43,1728,A61,A73,4,A93,A101,1,A121,30,A141,A152,1,A172,1,A192,A201,1
A12,16,A33,A40,891,A61,A75,3,A93,A101,4,A122,41,A143,A151,1,A174,1,A192,A201,1
A12,32,A33,A43,1260,A63,A75,2,A92,A101,4,A122,42,A143,A151,1,A172,1,A191,A201,2
A14,27,A32,A41,5277,A62,A74,2,A93,A101,4,A121,30,A143,A152,3,A174,1,A192,A201,1
A11,46,A32,A48,2879,A61,A75,4,A92,A101,4,A123,33,A142,A152,2,A173,1,A192,A201,2
A12,26,A32,A47,946,A63,A72,1,A92,A101,4,A122,31,A143,A152,2,A174,1,A192,A201,1
A14,17,A32,A41,590,A62,A75,2,A93,A101,4,A123,37,A143,A152,1,A172,2,A192,A201,1
A11,26,A34,A48,1438,A61,A73,1,A92,A101,4,A121,49,A143,A152,2,A172,1,A192,A201,2
A11,33,A32,A49,1557,A61,A72,4,A93,A101,3,A121,30,A143,A151,1,A173,1,A192,A201,1
A12,29,A32,A45,2558,A61,A73,4,A93,A101,2,A124,47,A143,A152,1,A173,1,A191,A201,1
A11,25,A30,A46,1242,A61,A73,4,A93,A101,4,A123,30,A143,A152,1,A173,1,A192,A201,1
A14,32,A33,A41,2586,A62,A73,4,A93,A102,2,A124,29,A143,A152,2,A174,1,A192,A201,1
A14,33,A33,A43,7006,A65,A73,4,A92,A101,3,A124,44,A143,A152,2,A173,2,A192,A201,2
A14,37,A32,A40,3199,A65,A72,3,A92,A101,3,A122,46,A142,A152,2,A173,1,A192,A201,1
A14,26,A31,A40,1748,A62,A73,4,A94,A101,3,A122,45,A141,A153,3,A172,2,A191,A201,1
A14,18,A32,A49,1590,A61,A73,1,A93,A101,3,A124,26,A143,A153,1,A173,1,A192,A201,1
A11,21,A32,A41,1408,A61,A73,4,A93,A101,1,A124,32,A142,A152,1,A173,1,A191,A201,1
A14,34,A33,A43,4131,A64,A73,4,A91,A101,4,A123,44,A143,A152,1,A173,1,A191,A201,1
A12,13,A32,A44,1165,A61,A74,3,A93,A101,3,A123,36,A142,A152,2,A174,1,A191,A201,2
A14,23,A32,A46,1866,A62,A75,3,A93,A101,3,A123,27,A141,A153,1,A172,1,A192,A201,1
A14,16,A32,A49,1874,A64,A75,2,A93,A101,2,A122,41,A141,A152,2,A173,1,A192,A201,1
A12,20,A34,A41,1272,A62,A73,4,A93,A101,1,A123,30,A143,A151,1,A172,1,A191,A201,1
A11,35,A32,A40,691,A65,A74,4,A92,A101,2,A123,57,A143,A152,1,A173,2,A192,A201,2
A11,21,A33,A42,2266,A61,A72,4,A93,A101,4,A123,53,A143,A151,1,A173,1,A192,A201,1
A12,20,A32,A40,1732,A63,A72,3,A94,A101,1,A121,42,A143,A152,1,A173,1,A192,A201,2
A14,10,A32,A40,2566,A65,A73,4,A95,A101,4,A122,51,A141,A152,2,A172,1,A192,A201,1
A14,28,A30,A42,1244,A61,A75,3,A92,A101,2,A121,37,A143,A152,1,A172,1,A192,A201,1
A11,26,A32,A43,4249,A62,A73,4,A93,A101,2,A121,44,A143,A151,1,A172,1,A191,A201,2
A12,53,A34,A43,978,A61,A72,3,A92,A101,2,A124,52,A142,A153,1,A173,1,A192,A201,2
A12,17,A32,A41,5993,A65,A72,3,A92,A101,1,A121,38,A143,A152,1,A173,1,A192,A201,1
A11,22,A30,A43,532,A61,A75,4,A93,A101,4,A121,34,A143,A152,1,A173,1,A192,A201,1
A11,22,A30,A40,2451,A61,A74,4,A92,A103,4,A122,23,A143,A152,1,A174,2,A191,A201,2
A12,40,A32,A40,2521,A61,A73,4,A93,A101,3,A123,35,A143,A152,2,A173,2,A192,A201,1
A14,19,A32,A43,1035,A63,A73,1,A93,A101,2,A123,44,A142,A152,1,A173,1,A192,A201,1
A12,22,A30,A43,2433,A61,A73,1,A92,A101,2,A121,46,A143,A152,1,A172,1,A191,A201,1
A12,26,A34,A43,4427,A61,A74,4,A91,A101,3,A121,41,A141,A151,1,A173,1,A192,A202,2
A14,21,A32,A40,383,A61,A72,3,A94,A101,4,A121,31,A143,A152,1,A173,1,A192,A201,2
A12,16,A32,A46,2570,A65,A75,4,A92,A101,2,A122,22,A143,A151,1,A172,1,A192,A201,1
A14,21,A34,A43,315,A61,A73,3,A93,A101,4,A121,32,A143,A153,1,A172,1,A192,A201,1
A14,32,A32,A43,919,A61,A74,1,A93,A101,3,A124,33,A141,A151,1,A174,1,A191,A201,1
A11,12,A34,A43,5655,A63,A71,4,A93,A101,2,A122,33,A143,A152,2,A174,1,A192,A201,1
A12,21,A32,A46,1203,A61,A73,4,A93,A101,3,A121,42,A143,A152,1,A172,1,A192,A201,1
A12,14,A34,A43,794,A65,A73,2,A92,A101,1,A123,60,A143,A152,2,A173,1,A192,A201,2
A12,34,A32,A43,1574,A61,A73,2,A92,A101,4,A122,37,A143,A152,3,A174,1,A192,A201,1
A11,10,A34,A49,7688,A62,A72,4,A92,A101,2,A123,34,A143,A151,1,A172,1,A191,A201,2
A14,15,A34,A43,501,A61,A75,1,A93,A103,4,A121,34,A143,A152,1,A173,1,A192,A201,1
A12,23,A32,A42,866,A61,A72,4,A93,A101,1,A123,37,A143,A152,1,A174,1,A192,A201,1
A11,40,A34,A43,5157,A62,A74,2,A93,A101,4,A123,29,A143,A152,1,A174,2,A191,A201,1
A12,19,A32,A42,6636,A61,A75,4,A91,A101,2,A124,37,A143,A152,2,A173,1,A192,A202,1
A14,15,A32,A40,1681,A63,A73,4,A93,A101,4,A121,40,A141,A152,2,A172,1,A192,A201,1
A11,46,A32,A43,759,A61,A74,4,A93,A101,4,A122,38,A143,A152,1,A172,2,A192,A201,1
A11,10,A32,A48,7840,A61,A74,3,A95,A101,4,A122,41,A143,A152,1,A174,1,A191,A201,1
A12,7,A32,A48,5519,A61,A73,4,A93,A101,3,A124,40,A143,A152,1,A174,2,A192,A201,1
A14,24,A32,A42,2908,A65,A75,3,A93,A101,4,A124,23,A143,A152,1,A173,1,A192,A201,1
A11,16,A32,A43,1023,A61,A73,2,A93,A101,2,A121,42,A143,A152,2,A173,1,A191,A201,1
A14,12,A34,A40,1747,A61,A73,4,A95,A101,2,A121,30,A143,A152,1,A173,1,A192,A201,1
A14,27,A34,A49,1616,A61,A74,4,A94,A101,3,A122,27,A141,A151,1,A173,1,A191,A201,1
A11,22,A32,A48,2279,A61,A73,4,A93,A101,2,A121,27,A143,A152,2,A173,1,A192,A201,1
A14,15,A32,A43,4992,A61,A73,3,A92,A101,4,A122,40,A143,A152,1,A173,1,A191,A201,1
A12,11,A32,A44,3346,A65,A73,1,A93,A101,1,A121,34,A143,A152,1,A173,1,A191,A201,1
A14,29,A32,A43,850,A61,A75,1,A93,A101,3,A123,24,A143,A152,1,A173,1,A191,A201,1
A14,26,A31,A43,4738,A65,A75,3,A93,A101,4,A124,41,A143,A152,1,A173,1,A192,A201,1
A12,19,A32,A40,2251,A61,A73,4,A93,A101,3,A124,25,A143,A152,2,A173,1,A192,A201,2
A11,46,A32,A42,2924,A62,A74,3,A92,A101,4,A122,37,A143,A153,2,A173,1,A192,A201,2
A14,12,A34,A43,5047,A65,A75,4,A93,A101,1,A123,38,A143,A152,1,A173,1,A191,A201,1
A12,10,A32,A43,830,A61,A72,1,A94,A101,3,A124,45,A143,A152,3,A173,1,A192,A201,1
A11,14,A32,A42,1763,A65,A72,3,A93,A101,2,A121,57,A143,A151,1,A174,1,A192,A201,2
A11,19,A32,A48,1246,A61,A74,2,A93,A101,4,A123,26,A143,A151,2,A172,1,A191,A201,2
A13,22,A32,A40,603,A65,A75,3,A93,A101,4,A122,36,A143,A152,2,A173,1,A192,A201,1
A14,18,A32,A42,2304,A62,A75,1,A94,A101,4,A121,34,A143,A152,1,A173,1,A192,A201,1
A11,23,A33,A43,10489,A61,A73,4,A94,A101,1,A122,40,A143,A152,2,A174,1,A192,A201,2
A12,11,A32,A43,498,A61,A72,2,A93,A101,2,A121,38,A141,A152,1,A172,1,A191,A201,2
A11,38,A32,A43,1767,A61,A73,4,A93,A101,2,A123,33,A143,A152,1,A173,1,A191,A201,1
A14,19,A34,A41,2830,A61,A72,3,A94,A101,1,A121,32,A141,A152,2,A173,1,A192,A201,2
A11,33,A34,A40,1970,A61,A73,4,A93,A101,2,A122,27,A143,A152,2,A173,1,A192,A201,2
A14,23,A33,A43,1670,A61,A75,3,A93,A101,4,A121,46,A143,A153,2,A174,1,A191,A201,1
A12,24,A32,A43,728,A61,A72,4,A93,A101,2,A124,41,A143,A152,2,A173,1,A191,A201,1
A14,25,A33,A40,2128,A64,A75,1,A92,A101,3,A122,46,A143,A152,1,A173,1,A192,A201,1
A11,24,A32,A43,1064,A61,A73,4,A93,A101,4,A123,33,A143,A152,1,A171,1,A192,A201,2
A12,26,A32,A42,390,A61,A74,4,A94,A101,4,A123,31,A141,A152,3,A173,1,A192,A201,1
A11,36,A30,A43,4172,A62,A72,2,A93,A103,2,A122,27,A143,A152,1,A173,2,A191,A201,2
A14,21,A32,A46,3536,A61,A73,1,A93,A101,2,A121,40,A141,A152,2,A174,1,A192,A201,1
A14,27,A32,A40,1874,A61,A72,3,A92,A101,3,A123,28,A141,A152,1,A174,1,A191,A201,1
A11,19,A32,A40,2122,A61,A75,4,A93,A101,2,A121,58,A141,A153,1,A172,1,A191,A201,1
A14,38,A34,A43,3835,A65,A75,3,A93,A101,4,A121,26,A143,A152,1,A173,2,A191,A201,1
A14,14,A34,A43,2115,A65,A73,3,A92,A101,2,A123,39,A143,A152,3,A173,1,A192,A201,2
A13,45,A34,A43,3404,A61,A72,2,A93,A101,4,A121,54,A143,A152,1,A172,1,A192,A201,1
A12,19,A32,A46,1468,A62,A75,1,A93,A101,4,A122,42,A143,A152,3,A173,1,A192,A201,1
A11,10,A34,A44,4529,A61,A73,4,A93,A101,3,A122,38,A143,A152,1,A173,1,A191,A201,2
A11,21,A32,A48,2263,A62,A72,1,A93,A101,2,A122,28,A143,A151,1,A173,1,A191,A201,1
A14,14,A34,A43,2071,A62,A73,4,A95,A101,2,A123,25,A143,A151,2,A173,1,A191,A201,1
A14,29,A32,A42,743,A62,A75,4,A93,A101,4,A123,44,A143,A152,2,A173,1,A191,A201,1
A14,14,A34,A42,2210,A61,A71,2,A92,A101,3,A123,53,A143,A152,2,A172,1,A192,A201,2
A12,16,A32,A40,1009,A61,A73,4,A92,A101,2,A123,32,A141,A152,1,A173,1,A191,A201,1
A12,8,A34,A43,1156,A61,A75,1,A93,A101,2,A122,27,A141,A152,1,A173,1,A191,A201,1
A14,16,A34,A41,1021,A65,A72,4,A93,A101,2,A122,19,A143,A152,1,A174,1,A191,A201,2
A14,6,A32,A48,857,A61,A72,2,A93,A101,4,A122,28,A143,A151,1,A173,1,A191,A201,1
A14,9,A32,A43,8001,A65,A73,4,A93,A101,2,A122,35,A143,A152,3,A174,2,A192,A201,1
A14,28,A34,A43,4591,A65,A75,2,A92,A101,3,A124,54,A143,A152,1,A174,1,A192,A201,1
A14,28,A32,A42,6934,A61,A73,3,A93,A101,3,A123,43,A143,A152,1,A173,1,A192,A201,1
A11,24,A34,A40,768,A62,A75,4,A93,A101,3,A121,39,A143,A152,1,A173,2,A192,A201,1
A11,12,A32,A40,1900,A62,A74,2,A92,A101,4,A121,33,A143,A152,1,A174,1,A191,A201,2
A14,19,A32,A42,731,A65,A72,4,A92,A101,4,A121,31,A143,A152,1,A173,1,A191,A201,1
A14,20,A32,A40,1110,A65,A75,2,A92,A101,3,A121,52,A143,A151,1,A174,1,A192,A201,1
A11,11,A32,A43,950,A62,A73,4,A92,A102,1,A121,38,A143,A151,1,A173,2,A192,A201,2
A11,39,A34,A46,4305,A61,A73,2,A93,A101,2,A123,21,A143,A153,1,A173,1,A191,A201,2
A14,29,A32,A47,1370,A64,A73,4,A92,A101,3,A124,30,A143,A152,4,A172,1,A191,A201,1
A11,18,A32,A43,3819,A61,A73,2,A93,A101,3,A123,29,A143,A152,1,A173,1,A191,A201,1
A11,20,A32,A40,2759,A64,A72,3,A92,A101,4,A121,31,A143,A152,1,A174,2,A191,A201,1
A13,22,A32,A46,9068,A65,A71,2,A95,A101,2,A122,42,A143,A152,4,A173,1,A191,A201,1
A14,8,A34,A47,641,A61,A73,4,A94,A101,4,A122,35,A141,A152,2,A172,2,A191,A202,2
A14,17,A34,A40,4365,A62,A75,2,A92,A101,2,A123,35,A143,A152,4,A173,1,A192,A201,1
A11,14,A32,A43,4033,A61,A73,4,A93,A103,4,A123,50,A142,A152,3,A173,1,A191,A201,1
A14,12,A34,A41,914,A61,A75,4,A92,A101,2,A124,30,A143,A152,1,A173,1,A191,A201,1
A11,17,A34,A44,3659,A61,A73,2,A93,A101,4,A122,58,A143,A152,2,A173,1,A192,A201,2
A12,45,A32,A49,2287,A63,A73,4,A91,A102,1,A123,30,A143,A151,1,A173,1,A192,A201,1
A14,26,A34,A40,1541,A65,A72,1,A93,A101,2,A121,37,A143,A152,1,A171,2,A192,A201,1
A14,15,A32,A48,1015,A65,A72,3,A93,A103,4,A123,34,A143,A151,2,A173,1,A191,A201,1
A14,25,A32,A43,1092,A61,A73,4,A95,A102,2,A121,37,A143,A152,1,A173,2,A192,A201,2
A14,37,A34,A48,7592,A65,A75,4,A92,A101,4,A122,40,A143,A152,2,A174,1,A191,A201,2
A13,30,A32,A42,1808,A63,A75,4,A94,A101,4,A123,40,A141,A152,2,A173,1,A192,A201,1
A11,20,A34,A46,3125,A61,A75,2,A93,A101,3,A121,30,A141,A152,1,A173,1,A191,A201,2
A12,15,A34,A40,1039,A61,A72,3,A92,A101,2,A121,27,A141,A152,2,A173,1,A191,A201,1
A11,27,A31,A41,1047,A61,A75,2,A93,A103,3,A121,68,A143,A152,1,A173,1,A192,A201,2
A11,23,A34,A40,3856,A65,A73,4,A92,A101,3,A121,32,A143,A153,1,A173,1,A192,A201,1
A14,30,A32,A48,702,A62,A72,3,A93,A101,3,A121,43,A143,A151,2,A173,1,A192,A201,1
A12,26,A32,A45,1352,A63,A75,4,A93,A101,4,A121,24,A143,A153,1,A173,1,A191,A201,1
A14,32,A33,A46,1851,A61,A74,2,A93,A101,2,A121,34,A143,A152,2,A173,1,A191,A201,1
A14,15,A34,A48,1954,A63,A72,2,A93,A101,2,A121,35,A143,A152,1,A173,2,A191,A201,1
A14,36,A30,A40,1595,A61,A73,3,A95,A101,2,A124,41,A143,A152,1,A172,1,A192,A201,1
A12,21,A32,A42,2385,A61,A73,1,A92,A101,1,A122,19,A143,A152,2,A172,1,A192,A201,2
A13,51,A33,A40,2936,A62,A74,3,A95,A101,2,A121,38,A143,A152,1,A174,1,A192,A201,1
A12,14,A34,A40,3023,A61,A73,4,A92,A103,4,A123,27,A141,A152,1,A173,1,A191,A201,2
A11,43,A33,A40,906,A65,A75,4,A93,A101,4,A124,39,A141,A152,1,A173,1,A192,A201,2
A14,21,A32,A42,1481,A61,A71,3,A93,A101,2,A123,28,A142,A151,2,A173,2,A191,A201,1
A12,14,A32,A41,4172,A62,A73,3,A92,A101,4,A122,29,A143,A151,1,A172,1,A191,A201,1
A11,16,A32,A40,3382,A61,A73,1,A94,A101,3,A123,34,A141,A152,2,A173,1,A192,A201,1
A14,17,A34,A40,691,A61,A73,4,A93,A101,4,A123,28,A143,A152,1,A172,1,A192,A201,1
A11,24,A32,A40,2312,A61,A73,1,A93,A102,4,A123,32,A143,A152,2,A173,1,A191,A201,1
A14,25,A32,A48,452,A61,A74,4,A93,A101,4,A123,27,A141,A151,3,A173,2,A191,A201,1
A14,15,A34,A43,1868,A65,A75,3,A93,A101,1,A124,23,A143,A152,1,A174,1,A192,A201,2
A14,19,A30,A48,6825,A61,A75,3,A93,A101,2,A124,47,A143,A152,1,A173,1,A192,A201,1
A12,52,A34,A42,931,A65,A75,4,A93,A101,1,A123,26,A141,A152,2,A172,2,A191,A201,2
A11,43,A33,A41,1008,A65,A75,1,A92,A101,4,A122,34,A143,A152,2,A173,1,A191,A201,2
A14,24,A34,A44,3086,A61,A73,4,A93,A101,2,A123,44,A143,A152,1,A172,1,A191,A201,1
A12,20,A32,A41,614,A61,A75,3,A95,A101,4,A123,31,A143,A151,1,A172,1,A192,A201,1
A14,21,A30,A41,1161,A62,A73,2,A92,A101,2,A121,29,A143,A152,2,A172,1,A192,A201,1
A14,26,A34,A40,2744,A65,A73,3,A92,A101,4,A124,38,A143,A152,2,A173,1,A192,A201,1
A14,12,A34,A40,1159,A65,A73,4,A93,A101,2,A121,48,A143,A152,2,A172,1,A192,A202,1
A12,17,A34,A41,1532,A61,A73,4,A93,A101,2,A122,27,A143,A151,1,A173,2,A192,A201,2
A12,9,A32,A42,3044,A64,A73,1,A93,A101,2,A124,35,A143,A152,4,A174,1,A191,A201,1
A14,24,A34,A43,2428,A61,A75,4,A92,A102,2,A121,23,A143,A152,1,A173,1,A191,A201,1
A12,26,A34,A40,2179,A65,A73,2,A93,A101,2,A122,33,A143,A152,1,A172,1,A192,A201,1
A11,16,A33,A40,1425,A65,A72,2,A92,A101,4,A121,36,A143,A151,1,A173,1,A192,A201,2
A13,40,A34,A44,2342,A61,A73,2,A93,A102,1,A122,29,A143,A151,1,A173,2,A192,A201,2
A14,11,A34,A40,1658,A61,A71,1,A93,A101,2,A121,32,A143,A151,1,A174,2,A192,A201,2
A14,10,A32,A42,2491,A61,A72,2,A93,A101,4,A122,25,A143,A152,1,A172,2,A192,A201,1
A13,22,A31,A46,1276,A61,A72,4,A93,A101,1,A122,37,A143,A151,1,A173,1,A191,A201,2
A11,32,A32,A40,1591,A64,A73,2,A95,A101,4,A124,47,A143,A152,2,A173,1,A191,A201,2
A14,42,A31,A40,904,A61,A73,2,A93,A101,4,A124,27,A143,A151,1,A173,1,A191,A201,1
A14,16,A32,A42,1764,A61,A75,2,A94,A101,1,A121,31,A143,A152,1,A174,1,A191,A201,1
A11,32,A32,A41,1024,A61,A74,4,A93,A101,2,A123,41,A143,A151,1,A173,1,A192,A201,1
A12,19,A31,A43,828,A65,A73,4,A93,A101,2,A121,49,A143,A153,1,A173,2,A191,A201,2
A14,18,A32,A44,2166,A62,A73,2,A91,A103,4,A121,25,A143,A153,1,A173,1,A191,A201,2
A14,29,A32,A40,2098,A61,A73,1,A92,A101,3,A121,35,A142,A152,1,A173,2,A192,A201,1
A14,26,A34,A43,3127,A61,A75,2,A92,A101,4,A124,39,A143,A152,3,A173,2,A191,A201,1
A14,9,A34,A42,1337,A65,A71,1,A93,A101,4,A124,35,A143,A151,2,A173,2,A192,A201,2
A12,39,A31,A40,2405,A65,A71,2,A94,A101,1,A121,19,A142,A153,2,A173,1,A192,A201,1
A12,37,A34,A43,2658,A61,A75,3,A93,A101,4,A121,41,A143,A152,1,A173,2,A192,A201,2
A14,15,A32,A41,2468,A61,A73,2,A93,A103,4,A121,53,A143,A151,1,A172,1,A192,A201,1
A14,24,A32,A42,1014,A61,A72,3,A93,A101,3,A123,37,A141,A152,1,A173,1,A191,A201,2
A14,25,A31,A40,2007,A61,A73,2,A93,A101,4,A123,28,A143,A151,2,A173,1,A191,A201,1
A14,22,A32,A42,2332,A61,A75,4,A93,A101,4,A121,32,A143,A152,1,A174,1,A192,A201,1
A12,15,A34,A41,1817,A65,A75,4,A93,A101,2,A123,56,A143,A152,1,A173,1,A192,A201,2
A12,14,A34,A45,419,A61,A74,4,A93,A101,2,A122,45,A143,A152,1,A173,1,A192,A201,2
A14,19,A31,A40,2023,A65,A73,3,A92,A101,3,A124,42,A143,A152,1,A172,1,A191,A201,1
A14,34,A31,A42,8508,A61,A73,3,A95,A101,1,A123,40,A143,A151,4,A174,2,A192,A201,1
A14,25,A32,A42,1405,A63,A75,3,A92,A101,4,A122,31,A143,A152,2,A173,1,A192,A201,1
A14,17,A32,A43,1086,A63,A75,4,A92,A101,1,A123,34,A143,A151,2,A173,1,A192,A201,1
A14,28,A32,A43,2348,A61,A72,3,A94,A101,4,A123,35,A143,A152,1,A173,1,A191,A201,1
A12,5,A32,A43,2249,A61,A75,4,A93,A101,3,A122,41,A143,A151,2,A173,1,A192,A201,1
A12,33,A34,A43,4166,A62,A72,4,A93,A101,1,A122,53,A141,A152,2,A173,1,A192,A201,2
A11,9,A34,A46,749,A61,A72,3,A93,A101,4,A124,48,A143,A152,3,A174,1,A192,A201,2
A13,17,A32,A41,3016,A61,A74,3,A93,A101,4,A121,25,A143,A152,1,A172,2,A191,A201,1
A11,12,A34,A43,2733,A61,A73,1,A93,A101,3,A121,38,A143,A152,1,A173,1,A192,A201,2
A12,11,A32,A46,1636,A65,A75,2,A93,A101,2,A122,44,A143,A152,2,A174,1,A191,A201,1
A12,33,A32,A49,2291,A61,A72,3,A93,A101,1,A123,42,A143,A152,1,A173,1,A191,A201,1
A12,16,A32,A47,3716,A64,A73,2,A93,A101,2,A123,31,A143,A152,2,A174,1,A192,A201,1
A13,23,A33,A42,3329,A61,A75,4,A93,A103,2,A124,75,A143,A152,3,A174,1,A191,A201,2
A11,19,A34,A40,812,A64,A75,2,A95,A101,3,A123,26,A143,A152,1,A173,1,A192,A201,1
A11,24,A32,A42,3210,A61,A72,3,A91,A101,4,A121,27,A143,A152,1,A173,2,A192,A201,1
A14,20,A32,A43,1727,A65,A73,4,A93,A101,3,A123,38,A143,A152,1,A173,1,A191,A201,1
A12,11,A33,A42,1902,A61,A74,4,A93,A101,4,A123,62,A143,A151,2,A172,1,A192,A201,1
A11,31,A32,A42,1903,A62,A72,3,A95,A101,4,A121,29,A143,A152,2,A173,1,A192,A201,2
A12,16,A34,A46,1627,A62,A75,4,A91,A101,3,A121,34,A143,A151,1,A173,1,A191,A201,1
A14,9,A32,A42,4163,A61,A75,4,A93,A101,4,A121,47,A143,A152,1,A173,1,A192,A201,1
A11,16,A32,A46,1705,A61,A72,3,A94,A103,3,A123,36,A143,A152,1,A173,1,A191,A201,2
A14,39,A32,A42,825,A61,A72,1,A92,A101,4,A124,33,A143,A152,2,A172,1,A192,A201,2
A11,29,A33,A41,1372,A61,A72,3,A94,A101,2,A123,42,A143,A152,1,A173,1,A191,A201,2
A11,17,A31,A42,2048,A65,A75,4,A91,A101,1,A124,39,A143,A151,1,A173,1,A191,A201,1
A12,17,A33,A43,4274,A61,A72,4,A93,A101,4,A121,47,A143,A152,2,A174,1,A191,A201,1
A12,17,A32,A40,2757,A61,A73,4,A95,A101,3,A124,50,A143,A152,1,A173,1,A192,A201,1
A14,51,A34,A40,996,A63,A73,3,A93,A101,4,A123,39,A141,A151,1,A173,1,A192,A201,1
A14,23,A34,A48,10297,A61,A74,2,A93,A101,4,A122,39,A143,A152,1,A173,1,A192,A201,1
A14,24,A34,A40,2176,A61,A72,1,A91,A101,1,A124,38,A143,A152,1,A173,1,A191,A201,1
A12,31,A32,A43,4415,A61,A72,2,A95,A101,3,A122,41,A143,A153,1,A173,1,A192,A201,2
A12,22,A32,A43,1625,A65,A75,4,A93,A103,2,A124,37,A143,A151,4,A174,1,A191,A201,1
A14,17,A32,A42,2626,A65,A75,4,A91,A101,4,A124,36,A143,A152,2,A173,1,A191,A201,2
A11,18,A34,A43,3253,A65,A75,2,A93,A101,4,A123,49,A143,A152,2,A173,1,A192,A201,1
A12,19,A32,A40,4241,A61,A71,3,A93,A101,2,A123,53,A143,A152,3,A172,1,A191,A201,1
A11,19,A32,A43,3790,A63,A73,3,A92,A101,3,A121,25,A141,A153,1,A173,2,A191,A201,1
A11,27,A32,A42,3329,A61,A74,3,A92,A101,4,A123,36,A143,A151,1,A173,1,A192,A201,2
A14,20,A32,A43,1450,A61,A73,2,A92,A101,2,A122,30,A141,A152,1,A173,1,A192,A201,1
A14,27,A33,A40,1211,A61,A75,2,A93,A101,4,A123,33,A143,A152,2,A172,2,A191,A201,1
A14,19,A31,A43,2282,A61,A74,2,A93,A101,3,A123,40,A143,A151,2,A173,2,A191,A201,1
A12,20,A34,A40,3474,A61,A72,1,A93,A101,4,A124,43,A143,A152,1,A172,1,A191,A202,2
A11,8,A32,A41,1547,A61,A75,2,A94,A101,2,A121,35,A143,A152,1,A173,1,A192,A201,1
A11,30,A30,A40,3810,A61,A75,1,A94,A102,1,A123,22,A143,A152,1,A173,1,A192,A201,1
A11,23,A32,A40,4998,A61,A72,4,A93,A101,3,A124,28,A143,A152,1,A173,1,A192,A201,2
A13,31,A31,A45,952,A63,A73,2,A91,A101,1,A123,45,A143,A152,2,A172,1,A192,A201,1
A14,5,A32,A41,1006,A61,A73,4,A93,A101,4,A121,19,A141,A152,1,A173,2,A192,A201,1
A14,51,A33,A48,1638,A63,A73,2,A93,A101,1,A121,49,A143,A152,3,A173,1,A192,A201,1
A12,18,A31,A48,2242,A61,A72,3,A93,A101,4,A121,41,A143,A152,1,A173,1,A191,A201,1
A14,33,A34,A43,1252,A64,A74,3,A93,A102,3,A123,50,A141,A152,2,A173,1,A191,A201,1
A14,12,A30,A40,4658,A61,A75,1,A93,A101,2,A123,34,A143,A153,3,A173,1,A192,A201,1
A13,26,A32,A42,2432,A61,A73,4,A95,A101,1,A124,21,A143,A153,3,A173,1,A191,A201,1
A14,12,A34,A43,1858,A61,A72,1,A92,A101,4,A122,40,A143,A151,1,A173,1,A192,A201,1
A12,15,A32,A42,661,A62,A74,4,A93,A101,3,A122,50,A143,A152,1,A174,1,A191,A201,1
A11,47,A32,A40,719,A65,A73,4,A91,A101,2,A123,46,A143,A151,1,A174,1,A192,A201,1
A12,18,A32,A43,2201,A61,A75,3,A95,A101,4,A123,31,A143,A151,1,A173,2,A191,A201,2
A14,22,A32,A46,406,A61,A73,3,A92,A101,2,A124,37,A141,A152,2,A173,2,A191,A201,1
A11,29,A34,A43,3673,A65,A72,4,A92,A101,3,A123,32,A143,A152,3,A173,1,A192,A201,2
A11,25,A32,A40,1618,A62,A72,3,A93,A101,3,A122,29,A143,A152,1,A173,2,A192,A201,1
A11,21,A34,A43,17503,A61,A75,4,A93,A101,1,A123,46,A143,A152,1,A173,1,A192,A201,2
A11,23,A34,A40,9095,A61,A73,1,A92,A101,4,A124,27,A143,A153,1,A174,1,A192,A201,2
A14,59,A32,A40,1592,A61,A75,1,A93,A101,2,A122,29,A143,A152,2,A173,1,A192,A201,1
A14,19,A34,A46,1678,A62,A72,3,A93,A101,1,A121,27,A143,A152,3,A173,1,A192,A201,1
A12,21,A32,A41,3629,A61,A73,3,A91,A101,2,A121,25,A143,A152,1,A173,1,A191,A201,1
A11,32,A34,A41,5956,A65,A73,4,A93,A102,3,A121,37,A143,A153,1,A173,1,A191,A201,2
A12,33,A32,A40,574,A61,A75,2,A94,A101,3,A123,48,A143,A152,2,A173,1,A191,A201,1
A12,34,A33,A46,517,A61,A75,4,A93,A101,4,A121,34,A143,A152,2,A173,1,A192,A201,1
A11,26,A32,A43,1169,A61,A72,2,A93,A101,1,A121,25,A142,A153,1,A173,1,A191,A201,2
A12,12,A32,A43,2718,A65,A73,3,A93,A101,2,A122,45,A142,A151,2,A172,1,A192,A201,1
A12,41,A33,A43,2560,A64,A72,2,A93,A101,4,A123,55,A143,A152,3,A173,1,A192,A201,1
A14,11,A33,A40,3823,A61,A73,3,A92,A101,1,A122,31,A143,A152,1,A173,2,A192,A201,1
A14,23,A30,A42,780,A63,A73,2,A93,A101,4,A123,32,A143,A153,1,A174,1,A191,A201,1
A11,14,A32,A42,357,A61,A75,3,A94,A101,1,A121,41,A142,A152,1,A173,1,A191,A201,1
A12,19,A34,A40,3296,A61,A75,4,A95,A101,4,A121,54,A143,A152,1,A173,1,A192,A201,1
A14,23,A33,A42,1012,A61,A73,3,A93,A101,2,A122,32,A143,A152,1,A173,1,A191,A201,1
A12,23,A34,A48,440,A61,A73,3,A91,A101,3,A122,26,A143,A152,1,A173,1,A191,A201,2
A14,24,A34,A40,2001,A61,A75,4,A92,A101,2,A122,42,A143,A152,1,A173,1,A191,A201,1
A14,41,A34,A41,3150,A65,A75,4,A93,A101,1,A121,44,A143,A152,1,A173,1,A191,A201,1
A11,24,A33,A40,1659,A61,A71,3,A93,A101,2,A124,36,A141,A152,1,A173,1,A191,A201,2
A11,17,A32,A41,1312,A65,A73,2,A92,A101,1,A123,31,A141,A152,1,A173,1,A192,A201,1
A14,30,A32,A48,1617,A61,A73,4,A95,A101,2,A121,46,A141,A152,1,A173,1,A192,A201,1
A11,34,A34,A42,1394,A62,A72,4,A93,A101,3,A121,41,A143,A152,1,A173,1,A192,A201,1
A13,11,A33,A42,703,A61,A72,2,A95,A101,3,A124,30,A141,A152,1,A174,1,A191,A201,2
A14,26,A31,A43,1096,A61,A71,2,A93,A101,4,A123,37,A143,A152,1,A174,1,A192,A201,1
A13,27,A32,A40,2604,A61,A74,4,A93,A101,4,A122,26,A143,A151,2,A174,1,A192,A201,1
A12,17,A34,A42,2264,A61,A73,1,A93,A102,3,A123,43,A143,A151,1,A173,2,A191,A201,1
A14,37,A32,A42,2033,A62,A71,4,A93,A101,2,A123,34,A143,A152,4,A174,1,A191,A201,1
A12,18,A32,A43,900,A61,A72,2,A93,A101,3,A123,32,A142,A152,1,A173,1,A191,A201,1
A13,21,A32,A49,1592,A64,A75,4,A93,A101,2,A122,36,A143,A152,2,A173,1,A192,A201,1
A14,18,A32,A43,393,A61,A75,3,A93,A101,4,A122,36,A143,A151,1,A173,1,A192,A202,1
A12,20,A32,A42,2048,A61,A73,3,A95,A101,2,A121,45,A141,A151,2,A173,2,A192,A201,1
A14,12,A32,A45,4915,A61,A73,4,A93,A101,1,A124,42,A143,A152,2,A171,1,A191,A201,1
A14,10,A31,A40,644,A65,A75,3,A93,A102,4,A123,35,A143,A152,3,A172,1,A192,A201,1
A11,41,A34,A40,1199,A63,A72,3,A94,A101,2,A121,44,A143,A153,4,A171,2,A191,A201,2
A11,13,A32,A40,2276,A61,A72,1,A92,A101,4,A124,40,A143,A152,1,A173,2,A191,A201,1
A11,12,A34,A42,4345,A61,A73,1,A92,A101,4,A124,32,A143,A152,1,A173,1,A192,A201,1
A11,7,A34,A42,1321,A61,A72,2,A93,A102,1,A124,35,A143,A152,1,A173,1,A191,A201,1
A11,15,A32,A43,1113,A65,A73,4,A93,A101,1,A124,35,A141,A152,1,A173,1,A192,A201,1
A14,11,A33,A48,455,A62,A75,2,A94,A101,3,A124,41,A143,A151,1,A173,1,A192,A201,1
A11,42,A32,A42,1943,A61,A74,2,A93,A101,3,A121,33,A141,A151,2,A174,2,A192,A201,1
A12,31,A34,A42,7551,A61,A73,3,A93,A101,2,A123,33,A143,A151,3,A173,1,A191,A201,2
A14,14,A32,A40,2195,A61,A75,4,A93,A101,4,A123,59,A143,A152,1,A173,1,A192,A201,1
A11,55,A33,A40,1780,A65,A71,4,A91,A101,3,A121,46,A143,A152,1,A173,1,A192,A202,1
A14,31,A32,A43,2265,A61,A72,2,A93,A101,2,A121,30,A143,A151,1,A173,1,A192,A201,1
A12,17,A32,A42,1794,A62,A73,1,A94,A101,1,A124,42,A143,A152,2,A172,1,A192,A201,1
A11,6,A32,A46,1023,A61,A74,4,A92,A101,4,A122,37,A143,A152,1,A173,1,A192,A201,1
A14,56,A33,A40,3217,A63,A71,2,A93,A101,2,A124,40,A143,A152,3,A174,1,A192,A201,1
A14,10,A34,A40,2117,A64,A73,4,A93,A101,4,A121,37,A143,A152,2,A171,1,A191,A201,1
A14,9,A32,A42,1830,A62,A74,4,A92,A103,2,A121,49,A143,A152,2,A172,2,A192,A201,1
A14,31,A33,A41,913,A62,A74,4,A92,A101,3,A122,39,A143,A153,1,A172,1,A192,A201,1
A14,60,A32,A40,4502,A65,A74,2,A95,A101,4,A121,36,A141,A151,1,A173,1,A192,A201,1
A12,37,A34,A43,2879,A61,A73,4,A93,A101,4,A123,47,A143,A152,3,A173,1,A192,A201,1
A11,25,A32,A40,1227,A61,A72,4,A92,A101,2,A123,38,A143,A152,1,A173,1,A191,A201,1
A14,26,A34,A43,3645,A61,A73,4,A92,A101,2,A121,37,A141,A152,4,A172,1,A192,A201,1
A14,29,A32,A41,1276,A65,A72,3,A93,A101,4,A121,39,A141,A152,1,A173,1,A192,A201,1
A14,28,A32,A40,1045,A61,A75,2,A93,A101,2,A122,35,A142,A152,2,A172,1,A191,A201,1
A12,22,A31,A42,1062,A63,A73,2,A93,A101,2,A121,36,A143,A153,1,A173,1,A191,A201,1
A12,21,A32,A44,523,A62,A73,3,A92,A101,4,A123,31,A143,A152,1,A172,1,A192,A201,2
A14,19,A32,A42,2515,A61,A75,4,A95,A101,2,A122,30,A143,A152,2,A173,1,A191,A201,1
A12,14,A32,A43,501,A61,A73,3,A93,A101,1,A121,28,A143,A152,2,A173,2,A191,A201,1
A14,17,A34,A40,765,A61,A73,3,A93,A101,1,A122,25,A143,A152,2,A173,1,A191,A201,2
A14,9,A30,A43,422,A61,A75,3,A93,A102,4,A121,29,A143,A152,1,A173,2,A192,A201,1
A12,19,A32,A41,1702,A61,A75,4,A93,A101,4,A121,35,A143,A152,3,A173,1,A191,A201,1
A14,12,A32,A43,1627,A61,A74,4,A94,A101,2,A121,37,A143,A152,4,A172,1,A192,A201,1
A14,12,A30,A43,1438,A65,A71,2,A95,A101,2,A124,34,A143,A152,1,A173,1,A192,A201,2
A11,21,A32,A48,871,A65,A73,3,A93,A101,2,A124,20,A143,A152,3,A173,1,A192,A201,1
A14,37,A32,A42,795,A61,A75,2,A94,A101,4,A123,54,A143,A152,1,A173,1,A192,A201,1
A12,30,A32,A40,2502,A61,A72,4,A93,A101,1,A122,48,A143,A151,2,A173,1,A192,A201,1
A14,9,A32,A40,1229,A61,A72,4,A95,A101,4,A121,40,A141,A151,1,A173,1,A192,A201,1
A12,12,A32,A45,2256,A62,A75,4,A92,A101,2,A123,58,A141,A153,3,A173,1,A191,A201,1
A14,30,A32,A43,972,A65,A71,2,A93,A101,4,A123,28,A143,A152,1,A172,1,A192,A201,1
A12,12,A30,A43,2052,A61,A75,4,A93,A101,2,A124,58,A143,A152,1,A173,1,A192,A201,1
A11,18,A32,A41,4502,A61,A73,1,A94,A101,4,A121,28,A143,A151,1,A172,1,A191,A201,1
A14,25,A34,A42,2725,A64,A73,4,A91,A101,2,A121,38,A143,A152,1,A173,1,A192,A201,1
A11,12,A32,A40,1354,A62,A71,1,A93,A101,1,A123,26,A141,A152,2,A173,1,A191,A201,1
A12,21,A33,A48,2164,A61,A75,4,A93,A101,4,A123,36,A141,A152,1,A172,1,A192,A201,2
A14,11,A32,A43,1527,A62,A73,3,A93,A101,4,A124,40,A142,A151,2,A174,1,A191,A201,1
A14,15,A34,A48,1818,A61,A73,4,A93,A101,2,A123,35,A143,A152,3,A173,1,A192,A201,1
A13,23,A34,A41,1439,A61,A74,4,A94,A101,4,A124,43,A143,A152,2,A173,1,A191,A202,2
A14,9,A32,A43,1611,A64,A74,2,A93,A101,3,A122,37,A143,A152,2,A172,1,A191,A201,1
A12,24,A34,A43,2097,A64,A75,1,A94,A101,4,A124,32,A143,A153,1,A173,1,A192,A201,2
A12,19,A32,A41,902,A61,A73,4,A93,A101,2,A124,31,A143,A153,1,A174,1,A192,A201,1
A12,25,A30,A46,887,A65,A73,2,A93,A101,3,A124,44,A143,A153,1,A173,2,A192,A201,1
A14,22,A34,A48,684,A61,A75,2,A93,A101,3,A122,31,A143,A151,1,A174,1,A191,A201,1
A14,37,A34,A47,589,A64,A74,3,A91,A101,2,A121,46,A143,A151,3,A172,1,A191,A201,1
A14,21,A32,A43,771,A61,A73,4,A93,A101,4,A123,49,A143,A151,1,A173,1,A192,A201,1
A14,16,A32,A41,2021,A65,A72,1,A93,A101,2,A122,24,A141,A152,2,A173,1,A192,A201,1
A11,21,A30,A41,967,A65,A75,2,A93,A101,2,A124,48,A141,A152,1,A173,1,A191,A201,1
A12,25,A32,A48,2590,A61,A73,1,A93,A101,3,A121,61,A141,A153,2,A172,1,A192,A202,1
A11,20,A34,A40,1852,A65,A74,3,A93,A101,4,A121,38,A141,A152,1,A173,1,A191,A201,2
A13,20,A32,A43,455,A65,A73,4,A92,A101,2,A123,42,A143,A152,1,A173,1,A191,A201,1
A12,14,A32,A43,2859,A64,A72,4,A92,A101,2,A121,47,A143,A153,2,A173,1,A191,A201,1
A14,14,A32,A43,3189,A61,A74,4,A93,A103,4,A122,34,A143,A152,1,A173,1,A192,A201,1
A12,10,A30,A49,901,A64,A71,2,A93,A103,2,A122,38,A143,A151,2,A173,1,A192,A201,1
A11,44,A32,A41,2426,A65,A73,4,A92,A101,4,A123,26,A143,A152,1,A173,1,A192,A201,1
A11,11,A33,A42,992,A61,A73,3,A93,A101,4,A121,37,A143,A152,1,A172,1,A192,A201,2
A14,14,A34,A40,1935,A65,A73,2,A93,A101,3,A124,41,A143,A152,3,A173,1,A191,A201,1
A14,14,A34,A42,746,A61,A75,4,A93,A101,4,A122,41,A143,A152,1,A173,1,A192,A201,1
A11,30,A30,A41,515,A61,A75,4,A93,A101,4,A124,47,A142,A151,2,A174,1,A192,A201,2
A11,17,A34,A42,1383,A61,A75,4,A93,A103,3,A122,30,A143,A153,1,A172,1,A192,A201,1
A14,35,A34,A46,1658,A61,A71,4,A93,A101,3,A121,32,A143,A152,1,A173,1,A191,A201,1
A11,14,A34,A48,1368,A62,A72,2,A93,A101,4,A121,58,A143,A152,1,A173,1,A192,A201,1
A14,22,A32,A40,789,A61,A73,2,A93,A101,3,A121,35,A143,A153,1,A173,1,A192,A201,1
A14,13,A32,A42,1366,A65,A75,4,A93,A101,4,A123,38,A143,A151,1,A173,1,A192,A201,1
A11,52,A32,A48,2183,A61,A75,2,A93,A102,2,A121,35,A141,A152,1,A173,1,A192,A201,1
A11,11,A31,A40,1752,A61,A75,3,A91,A101,2,A122,29,A141,A152,1,A171,1,A192,A201,2
A14,23,A32,A40,2054,A61,A73,4,A93,A101,2,A123,54,A143,A152,2,A173,1,A191,A201,2
A12,26,A32,A40,1131,A61,A73,4,A93,A101,1,A121,32,A143,A152,2,A173,1,A192,A201,2
A12,24,A32,A43,4105,A65,A73,3,A95,A101,1,A121,27,A143,A152,1,A174,1,A192,A201,1
A14,18,A34,A40,793,A62,A72,4,A94,A101,4,A123,32,A141,A151,1,A172,1,A192,A201,2
A14,18,A32,A48,2543,A65,A71,4,A93,A101,4,A124,22,A143,A152,1,A173,1,A192,A201,1
A14,20,A31,A42,4135,A61,A75,4,A93,A101,4,A121,31,A143,A152,1,A173,1,A191,A201,1
A14,18,A34,A42,2531,A61,A73,2,A92,A101,3,A121,28,A143,A152,1,A173,1,A192,A201,1
A12,30,A34,A41,1569,A61,A73,2,A93,A101,4,A124,42,A143,A152,1,A173,1,A191,A201,2
A11,54,A34,A42,1249,A61,A72,2,A93,A101,3,A121,30,A143,A153,4,A173,1,A191,A201,2
A14,15,A34,A43,3734,A61,A75,2,A93,A101,4,A124,45,A143,A152,2,A172,1,A192,A201,1
A13,10,A32,A43,667,A62,A74,2,A93,A101,2,A121,51,A143,A152,1,A174,1,A191,A201,1
A12,19,A34,A43,916,A61,A74,2,A92,A101,4,A124,44,A142,A152,1,A173,1,A191,A201,2
A14,64,A31,A43,1368,A63,A75,3,A95,A102,4,A122,34,A141,A152,2,A173,1,A191,A201,1
A11,13,A32,A48,4299,A61,A73,4,A92,A101,2,A124,37,A143,A152,1,A173,1,A191,A201,1
A12,41,A32,A45,2358,A61,A74,2,A95,A101,3,A122,24,A143,A152,2,A173,1,A192,A201,1
A11,42,A32,A43,918,A62,A71,4,A95,A101,3,A123,35,A143,A152,3,A173,1,A191,A201,2
A12,15,A32,A40,1455,A61,A72,4,A93,A101,2,A121,29,A143,A152,1,A173,2,A191,A201,1
A11,25,A33,A40,1176,A65,A75,1,A93,A101,3,A121,43,A143,A152,1,A174,1,A192,A201,1
A11,41,A34,A40,1100,A62,A75,4,A93,A101,2,A123,69,A143,A152,2,A172,1,A192,A201,1
A11,16,A32,A43,3587,A61,A73,4,A93,A101,1,A123,41,A143,A152,3,A173,1,A191,A201,2
A14,18,A32,A42,692,A65,A73,3,A93,A101,4,A124,22,A141,A152,1,A173,1,A192,A201,1
A14,15,A34,A42,5575,A61,A73,4,A93,A101,4,A122,33,A143,A152,2,A173,1,A192,A201,2
A13,12,A33,A47,3228,A61,A71,2,A93,A101,4,A124,37,A143,A151,1,A173,1,A192,A201,1
A14,14,A32,A48,3880,A62,A73,4,A93,A101,4,A122,37,A143,A151,1,A173,1,A192,A201,1
A12,11,A33,A48,1307,A61,A72,1,A93,A101,2,A124,30,A143,A152,2,A174,1,A192,A201,1
A12,20,A32,A41,1627,A64,A73,4,A93,A101,3,A124,38,A142,A152,3,A173,1,A191,A201,1
A14,14,A32,A43,663,A65,A75,3,A93,A101,4,A122,26,A143,A152,1,A173,1,A191,A202,1
A11,22,A34,A41,1252,A65,A73,4,A92,A102,4,A124,28,A143,A152,2,A173,1,A191,A201,2
A14,9,A32,A40,2554,A61,A72,2,A92,A101,2,A124,43,A143,A152,1,A173,1,A192,A201,2
A11,23,A32,A40,4479,A61,A73,4,A93,A101,4,A121,28,A143,A152,1,A173,1,A192,A201,1
A14,29,A34,A42,832,A63,A75,4,A92,A101,4,A123,41,A143,A152,1,A173,1,A192,A201,1
A11,8,A34,A42,1399,A61,A73,3,A92,A101,4,A121,25,A143,A152,1,A172,1,A191,A201,1
A14,23,A31,A45,1626,A61,A72,4,A94,A101,4,A123,56,A143,A153,2,A172,1,A192,A201,1
A12,34,A32,A40,680,A61,A73,3,A91,A101,2,A121,30,A143,A153,1,A173,2,A192,A201,1
A14,11,A30,A43,2735,A61,A75,4,A93,A101,4,A121,34,A143,A152,2,A173,1,A192,A201,1
A11,42,A33,A43,1089,A61,A73,3,A93,A101,4,A122,39,A143,A153,2,A173,1,A192,A201,2
A13,24,A32,A41,1576,A65,A75,4,A94,A101,1,A123,31,A143,A152,1,A173,1,A192,A201,1
A14,14,A32,A42,1317,A65,A75,4,A93,A102,4,A124,37,A143,A152,1,A173,2,A192,A201,1
A12,19,A34,A41,1040,A61,A75,3,A93,A101,3,A124,42,A143,A152,2,A173,1,A192,A201,1
A14,25,A32,A43,1799,A61,A74,2,A93,A101,3,A122,46,A141,A152,4,A173,1,A192,A201,1
A14,20,A32,A42,1554,A61,A73,3,A93,A101,3,A121,44,A143,A152,1,A173,2,A191,A201,1
A12,25,A32,A40,1393,A65,A71,4,A93,A102,2,A123,35,A143,A152,1,A173,1,A192,A201,1
A14,13,A33,A40,1085,A61,A75,2,A92,A101,3,A123,35,A143,A153,1,A173,1,A192,A201,1
A13,21,A31,A43,2261,A63,A73,3,A95,A101,4,A122,65,A143,A152,1,A173,2,A192,A201,1
A14,10,A32,A48,5753,A61,A72,4,A93,A101,1,A122,46,A141,A152,1,A173,1,A192,A201,1
A11,19,A34,A42,1994,A62,A74,3,A93,A101,2,A122,29,A143,A152,2,A173,1,A192,A201,1
A12,13,A32,A43,3631,A61,A73,4,A93,A103,1,A122,37,A141,A152,2,A174,1,A192,A201,2
A14,14,A32,A43,683,A64,A74,2,A93,A101,2,A123,33,A143,A152,1,A173,1,A192,A201,1
A14,35,A32,A48,2019,A61,A74,2,A94,A101,4,A123,35,A143,A152,1,A173,1,A191,A201,1
A12,32,A31,A45,838,A62,A73,4,A93,A101,4,A124,26,A143,A153,1,A174,1,A192,A201,1
A14,26,A32,A43,643,A61,A75,1,A93,A101,4,A123,33,A141,A152,3,A173,2,A192,A201,1
A12,12,A32,A43,1077,A63,A73,2,A92,A101,3,A121,57,A143,A152,1,A173,1,A191,A201,1
A11,17,A32,A48,4164,A65,A73,4,A94,A101,2,A124,42,A143,A152,2,A173,1,A192,A201,2
A12,34,A31,A42,3515,A61,A73,3,A93,A101,4,A123,19,A142,A153,1,A173,1,A192,A201,2
A12,21,A34,A41,2143,A65,A74,4,A92,A101,4,A121,49,A143,A152,1,A173,1,A192,A201,1
A13,57,A34,A40,618,A61,A75,4,A92,A102,3,A123,48,A141,A152,1,A172,1,A192,A201,2
A11,23,A34,A45,1575,A61,A73,2,A93,A101,4,A122,33,A142,A152,1,A172,2,A191,A201,2
A14,21,A34,A44,2233,A61,A74,1,A95,A101,4,A123,43,A143,A152,2,A173,1,A192,A201,2
A14,17,A32,A40,2044,A61,A72,4,A93,A101,4,A122,29,A143,A151,1,A172,1,A192,A201,1
A14,21,A34,A43,497,A62,A75,3,A93,A101,2,A123,32,A142,A152,1,A172,1,A191,A201,1
A12,18,A32,A42,969,A63,A73,2,A91,A101,4,A121,53,A142,A153,1,A173,1,A191,A201,1
A12,27,A34,A40,1728,A61,A74,4,A93,A101,1,A122,34,A143,A152,1,A171,1,A192,A201,1
A14,30,A34,A48,2631,A61,A71,1,A93,A101,2,A124,22,A143,A151,1,A173,1,A192,A201,2
A14,14,A34,A40,388,A64,A72,4,A95,A101,2,A123,36,A143,A153,1,A173,1,A192,A201,1
A11,11,A34,A40,1614,A65,A73,2,A93,A103,2,A121,35,A143,A152,3,A173,2,A192,A201,1
A14,8,A32,A43,1998,A61,A75,2,A94,A101,1,A121,49,A143,A151,1,A173,1,A191,A201,1
A14,25,A32,A43,3277,A65,A73,2,A93,A101,2,A122,36,A143,A151,1,A173,1,A191,A201,1
A14,12,A32,A40,2936,A61,A75,4,A91,A101,4,A123,32,A143,A151,1,A173,2,A191,A201,1
A14,7,A32,A43,2718,A61,A73,4,A93,A101,4,A123,47,A143,A152,1,A173,1,A192,A201,1
A14,23,A31,A43,1032,A65,A73,4,A93,A101,4,A123,37,A141,A151,1,A173,1,A191,A201,1
A12,61,A33,A40,475,A61,A72,3,A95,A101,2,A122,30,A141,A152,2,A173,2,A192,A201,2
A14,20,A34,A40,1373,A61,A75,3,A94,A101,3,A123,48,A143,A152,1,A174,1,A192,A201,1
A14,29,A32,A43,3645,A61,A73,2,A92,A101,4,A122,38,A141,A152,1,A173,1,A192,A202,2
A11,20,A34,A41,4795,A65,A75,3,A92,A101,2,A121,36,A142,A152,2,A173,1,A192,A201,2
A11,19,A34,A48,2973,A65,A75,3,A92,A101,4,A123,38,A141,A152,3,A171,1,A192,A201,2
A12,30,A34,A45,2441,A61,A75,4,A95,A101,4,A124,28,A143,A151,3,A173,1,A191,A201,2
A14,17,A34,A48,2358,A61,A73,2,A94,A101,1,A123,32,A143,A153,2,A172,1,A191,A201,2
A14,22,A32,A41,1225,A61,A74,4,A93,A101,4,A123,36,A143,A152,3,A173,1,A191,A201,1
A11,23,A34,A48,1650,A61,A75,2,A93,A101,4,A123,34,A143,A152,1,A173,1,A192,A201,2
A13,14,A34,A42,5815,A61,A72,4,A93,A101,1,A124,50,A143,A152,1,A173,1,A191,A201,1
A12,31,A32,A42,934,A64,A74,1,A93,A101,1,A122,38,A143,A151,1,A173,1,A192,A201,1
A14,18,A32,A40,5599,A61,A71,3,A93,A101,1,A122,45,A143,A153,2,A173,1,A191,A201,1
A14,14,A34,A40,1443,A61,A73,3,A93,A101,2,A124,36,A142,A152,3,A173,1,A191,A201,1
A14,25,A32,A43,4572,A61,A72,3,A91,A101,3,A124,47,A141,A151,1,A173,1,A191,A201,2
A12,13,A33,A42,675,A61,A72,4,A92,A101,3,A122,40,A141,A153,2,A173,1,A192,A201,2
A12,20,A33,A40,2724,A65,A73,3,A94,A102,2,A122,36,A141,A152,2,A172,1,A192,A201,1
A11,20,A32,A43,1079,A61,A73,3,A93,A101,4,A122,36,A143,A152,3,A174,1,A192,A201,1
A11,32,A32,A41,671,A61,A74,4,A93,A101,2,A121,28,A143,A152,2,A172,1,A192,A201,1
A14,24,A34,A43,2106,A61,A72,4,A93,A101,1,A124,41,A143,A152,3,A174,2,A192,A201,2
A14,19,A32,A42,3665,A61,A73,4,A93,A103,2,A122,36,A143,A151,1,A171,1,A192,A201,1
A14,29,A30,A45,1000,A61,A72,2,A93,A101,3,A124,32,A143,A152,1,A173,1,A192,A201,2
A14,37,A30,A45,633,A61,A74,4,A93,A101,2,A121,48,A143,A152,1,A172,1,A192,A201,2
A13,25,A32,A42,1695,A61,A74,4,A93,A101,2,A123,26,A143,A151,1,A171,1,A192,A202,1
A14,20,A34,A42,1700,A61,A73,3,A93,A101,2,A121,32,A143,A152,1,A173,1,A192,A202,1
A14,11,A32,A42,2654,A61,A74,3,A92,A103,4,A123,47,A142,A152,2,A173,1,A192,A201,1
A14,12,A33,A44,3514,A61,A73,2,A93,A101,4,A123,39,A142,A152,2,A173,1,A192,A201,1
A11,17,A32,A41,1734,A65,A75,2,A93,A101,2,A123,36,A143,A151,2,A173,1,A192,A201,1
A12,15,A32,A40,6626,A61,A73,2,A93,A101,2,A121,38,A143,A152,1,A173,1,A191,A201,1
A11,18,A34,A40,2115,A61,A73,2,A93,A101,4,A121,38,A141,A152,1,A173,2,A192,A201,2
A14,20,A34,A42,1418,A61,A74,4,A93,A101,4,A121,25,A142,A152,1,A173,1,A191,A201,1
A14,25,A32,A42,585,A61,A71,4,A92,A101,2,A122,33,A143,A152,1,A173,1,A192,A201,1
A11,19,A32,A46,1504,A63,A74,4,A93,A101,4,A123,54,A143,A152,1,A173,2,A192,A201,2
A14,25,A30,A40,1428,A61,A74,4,A95,A101,3,A123,31,A143,A152,1,A172,1,A192,A201,1
A14,20,A32,A42,3541,A63,A73,1,A92,A101,3,A123,33,A141,A151,1,A173,1,A191,A201,1
A12,8,A33,A44,2499,A61,A72,4,A93,A101,4,A123,31,A143,A152,2,A173,2,A191,A201,1
A11,13,A32,A45,791,A61,A72,4,A93,A101,4,A121,35,A143,A152,1,A173,1,A191,A201,2
A14,18,A32,A42,2039,A64,A75,3,A92,A101,4,A121,31,A143,A153,3,A172,2,A191,A201,1
A12,11,A32,A42,2893,A61,A74,4,A93,A101,1,A121,41,A141,A152,1,A173,1,A192,A201,1
A14,26,A34,A41,5269,A61,A72,4,A93,A101,2,A124,38,A143,A152,4,A173,1,A192,A201,2
A12,39,A34,A48,3365,A61,A73,3,A93,A101,3,A123,44,A143,A152,1,A173,1,A192,A201,2
A14,34,A31,A40,3079,A63,A74,4,A94,A101,2,A121,28,A143,A153,1,A173,1,A192,A201,1
A13,18,A34,A48,1885,A61,A75,1,A93,A101,4,A121,33,A143,A152,1,A173,1,A191,A201,1
A13,39,A32,A43,2372,A65,A71,2,A92,A101,4,A124,34,A143,A152,2,A173,1,A191,A201,1
A14,21,A32,A43,4335,A61,A73,3,A95,A101,4,A123,41,A143,A152,1,A173,1,A191,A202,1
A12,17,A34,A40,711,A65,A75,4,A93,A101,4,A123,30,A143,A151,1,A173,1,A192,A201,2
A11,15,A34,A42,1415,A61,A71,4,A93,A103,2,A122,46,A143,A151,2,A174,1,A192,A201,1
A11,17,A34,A42,1052,A63,A72,4,A93,A101,4,A121,49,A143,A151,1,A172,1,A192,A202,2
A14,16,A32,A40,2357,A61,A75,3,A93,A103,4,A124,28,A141,A152,1,A173,1,A191,A201,1
A14,21,A32,A43,4277,A65,A74,1,A93,A101,2,A123,32,A143,A151,1,A174,1,A191,A201,1
A14,21,A34,A48,1190,A61,A73,4,A92,A101,4,A122,32,A143,A152,2,A173,2,A192,A201,1
A11,20,A32,A43,339,A61,A72,4,A93,A101,1,A124,70,A143,A152,1,A174,1,A191,A201,2
A11,24,A32,A43,1354,A61,A71,2,A92,A101,4,A123,32,A143,A151,1,A173,1,A192,A201,2
A11,34,A32,A40,3426,A61,A73,3,A94,A101,3,A122,55,A143,A152,1,A172,1,A191,A201,2
A12,30,A33,A42,2634,A61,A75,4,A92,A101,2,A122,26,A143,A152,1,A172,1,A191,A201,1
A13,10,A32,A40,2439,A65,A73,4,A93,A101,4,A121,28,A143,A152,2,A173,1,A192,A201,1
A12,6,A32,A43,1486,A65,A74,3,A95,A101,4,A121,30,A143,A152,1,A171,1,A191,A201,1
A12,30,A34,A48,738,A61,A75,2,A93,A101,2,A123,29,A143,A152,1,A173,2,A192,A201,1
A14,10,A32,A43,2593,A65,A73,4,A93,A101,1,A121,34,A143,A151,1,A173,1,A192,A201,1
A12,18,A32,A40,1008,A61,A72,4,A93,A101,2,A123,30,A143,A152,1,A173,2,A192,A201,1
A12,11,A32,A42,8340,A61,A73,3,A93,A101,3,A124,29,A143,A152,1,A173,1,A192,A201,2
A14,8,A30,A43,2695,A62,A75,2,A93,A101,4,A121,48,A143,A152,1,A173,1,A192,A201,1
A12,25,A30,A42,1204,A62,A75,4,A93,A101,4,A122,49,A143,A152,1,A174,1,A191,A201,1
A14,28,A32,A46,1178,A65,A72,2,A95,A101,3,A123,46,A141,A152,3,A173,1,A192,A201,1
A14,15,A34,A45,1694,A61,A74,2,A95,A101,4,A123,41,A143,A152,1,A173,1,A192,A201,2
A14,6,A32,A43,1528,A62,A73,3,A94,A101,3,A123,37,A143,A152,1,A173,1,A191,A201,1
A11,15,A34,A42,3951,A61,A75,2,A94,A101,4,A122,32,A143,A151,1,A172,2,A192,A201,1
A14,23,A32,A41,2060,A61,A72,4,A93,A101,2,A122,28,A142,A152,1,A173,1,A192,A201,1
A12,10,A32,A40,1083,A61,A73,2,A93,A101,2,A123,40,A143,A153,2,A173,1,A192,A201,1
A11,21,A32,A42,6790,A65,A75,4,A95,A101,4,A124,27,A143,A152,1,A173,1,A192,A201,2
A12,19,A32,A42,1871,A64,A73,2,A93,A101,1,A122,28,A143,A152,1,A173,1,A192,A201,1
A14,26,A34,A43,3096,A64,A73,1,A95,A101,4,A124,48,A143,A152,2,A173,1,A192,A201,1
A12,21,A32,A43,1181,A61,A72,2,A93,A101,4,A121,58,A143,A152,1,A173,1,A192,A201,2
A12,12,A32,A40,2331,A61,A73,4,A93,A101,2,A124,40,A143,A153,1,A173,1,A192,A201,2
A14,34,A34,A42,2247,A61,A73,4,A93,A101,3,A123,48,A141,A151,1,A173,1,A192,A201,2
A11,18,A34,A40,481,A61,A75,2,A95,A101,4,A122,34,A143,A152,1,A174,2,A192,A201,1
A11,19,A34,A40,7410,A61,A73,4,A92,A103,4,A123,26,A141,A152,1,A174,1,A191,A201,1
A11,13,A32,A45,4462,A63,A73,4,A93,A101,2,A121,42,A143,A152,1,A173,1,A192,A201,1
A11,16,A34,A40,1369,A61,A74,4,A93,A101,2,A121,42,A143,A153,1,A173,1,A192,A201,2
A11,13,A32,A42,835,A61,A72,3,A93,A101,4,A121,37,A143,A152,1,A174,1,A192,A201,2
A11,18,A32,A40,2306,A61,A73,4,A93,A101,3,A121,34,A143,A152,1,A173,1,A192,A201,2
A14,43,A32,A46,1921,A61,A74,1,A93,A101,2,A122,46,A141,A152,3,A173,1,A192,A201,1
A11,10,A32,A43,2319,A61,A75,3,A93,A101,2,A123,28,A143,A152,1,A172,1,A191,A201,2
A12,9,A32,A40,2067,A65,A74,4,A93,A101,4,A123,30,A141,A152,3,A174,1,A191,A201,1
A14,38,A32,A42,2576,A62,A74,3,A93,A101,4,A121,28,A141,A152,1,A173,1,A192,A201,1
A12,18,A34,A43,4979,A64,A72,2,A93,A101,4,A124,37,A143,A151,2,A173,1,A192,A201,1
A14,14,A32,A48,2691,A61,A75,2,A93,A101,4,A123,27,A141,A152,1,A172,2,A192,A201,1
A11,32,A31,A40,867,A61,A72,4,A92,A101,4,A124,30,A143,A152,1,A173,1,A192,A201,2
A11,15,A31,A47,4692,A61,A75,4,A95,A102,2,A123,30,A143,A153,2,A173,1,A192,A201,1
A11,45,A34,A48,5701,A65,A73,3,A93,A101,4,A121,34,A141,A152,2,A173,1,A191,A201,1
A11,27,A32,A48,16423,A64,A75,4,A93,A101,1,A122,25,A141,A152,1,A173,2,A191,A201,2
A12,16,A32,A43,823,A61,A74,1,A93,A101,4,A123,37,A143,A152,1,A173,1,A191,A201,2
A11,53,A34,A43,2143,A61,A75,2,A93,A101,3,A121,49,A143,A152,1,A172,1,A192,A201,2
A11,15,A34,A42,420,A61,A72,4,A93,A101,2,A121,37,A143,A152,2,A173,1,A191,A201,2
A11,28,A32,A43,2662,A62,A73,2,A93,A101,4,A121,53,A143,A152,1,A173,1,A192,A201,1
A12,22,A33,A43,1231,A65,A74,2,A93,A101,4,A121,51,A143,A152,2,A173,2,A191,A201,2
A11,36,A34,A43,6949,A61,A75,3,A93,A101,1,A122,44,A143,A152,2,A172,2,A192,A201,2
A12,40,A33,A42,1051,A61,A72,4,A93,A101,3,A122,37,A143,A152,2,A173,2,A191,A201,2
A12,20,A32,A43,554,A61,A75,2,A92,A101,2,A121,36,A143,A152,1,A172,2,A192,A201,1
A14,14,A34,A45,1299,A61,A75,4,A93,A101,2,A123,44,A143,A152,1,A174,2,A192,A201,2
A11,24,A32,A40,453,A61,A73,4,A92,A101,4,A123,33,A143,A151,3,A173,1,A191,A201,1
A14,14,A32,A46,3058,A61,A75,2,A92,A101,2,A122,22,A143,A152,1,A173,1,A192,A201,1
A14,49,A32,A43,426,A63,A73,4,A95,A101,4,A121,41,A143,A152,2,A173,1,A191,A201,2
A11,21,A30,A46,1844,A63,A73,3,A93,A101,2,A121,27,A143,A152,1,A173,2,A192,A201,1
A14,17,A32,A42,422,A61,A73,3,A93,A101,4,A122,28,A143,A152,2,A174,1,A192,A201,1
A14,21,A34,A42,1444,A65,A74,4,A93,A101,4,A121,36,A143,A152,1,A172,1,A192,A201,2
A11,10,A30,A48,5712,A61,A74,4,A95,A101,2,A122,35,A143,A152,1,A173,1,A192,A201,1
A12,12,A32,A41,2327,A61,A73,2,A93,A101,2,A123,25,A141,A152,2,A174,1,A191,A201,1
A14,34,A32,A46,987,A61,A74,3,A93,A101,4,A123,38,A143,A153,1,A173,1,A192,A201,1
A14,14,A31,A42,1768,A61,A74,3,A93,A101,4,A121,46,A143,A152,2,A172,1,A192,A201,1
A11,12,A34,A42,1830,A61,A74,3,A95,A102,2,A122,27,A143,A152,1,A172,1,A191,A201,1
A11,25,A32,A41,2517,A61,A71,3,A94,A101,3,A123,50,A141,A151,1,A172,1,A192,A201,2
A12,34,A32,A43,694,A61,A75,1,A94,A101,1,A124,24,A143,A152,1,A174,1,A191,A201,1
A12,27,A32,A41,2737,A65,A73,4,A92,A101,2,A123,62,A141,A152,1,A173,1,A192,A201,1
A14,31,A32,A40,272,A61,A73,3,A93,A101,3,A123,33,A143,A152,1,A174,2,A192,A201,1
A12,14,A30,A41,1163,A61,A73,2,A93,A101,1,A122,37,A143,A153,2,A174,1,A191,A201,1
A12,10,A34,A40,1284,A61,A73,4,A93,A101,4,A122,22,A141,A152,2,A173,1,A191,A201,1
A14,39,A34,A48,2816,A62,A75,4,A94,A101,4,A124,36,A143,A152,1,A172,1,A192,A201,1
A11,17,A32,A48,1836,A61,A73,3,A91,A101,4,A121,38,A143,A152,1,A172,1,A192,A201,1
A11,17,A33,A42,675,A65,A75,2,A92,A101,4,A124,35,A143,A151,2,A173,1,A192,A201,1
A14,36,A34,A43,907,A61,A72,4,A93,A101,4,A123,31,A143,A152,2,A173,1,A192,A201,1
A14,25,A34,A42,2077,A61,A73,2,A92,A101,3,A123,28,A143,A151,2,A173,1,A191,A201,1
A12,24,A32,A43,1710,A61,A75,2,A92,A101,3,A121,48,A143,A152,2,A173,1,A192,A201,2
A12,53,A32,A44,1205,A61,A75,4,A93,A101,4,A123,36,A143,A151,1,A174,1,A192,A201,1
A11,15,A32,A48,1291,A61,A72,1,A93,A101,4,A122,53,A143,A152,1,A173,1,A192,A201,1
A12,30,A34,A42,2943,A61,A73,1,A91,A101,1,A121,32,A143,A151,1,A173,1,A192,A201,1
A12,20,A34,A43,1258,A61,A72,1,A93,A101,4,A121,32,A142,A152,1,A174,2,A191,A201,1
A11,22,A32,A41,1699,A61,A73,2,A93,A101,4,A124,44,A143,A152,2,A172,1,A191,A201,1
A11,39,A32,A49,8258,A61,A75,1,A92,A101,4,A123,24,A143,A152,1,A173,1,A191,A201,1
A12,25,A34,A40,667,A65,A75,4,A93,A101,3,A122,27,A143,A152,3,A172,1,A192,A201,1
A11,25,A34,A43,494,A61,A72,2,A93,A101,4,A121,48,A143,A152,2,A172,1,A192,A201,2
A12,32,A34,A43,3129,A64,A75,2,A93,A101,4,A123,27,A143,A152,2,A173,1,A192,A201,2
A11,17,A34,A43,1124,A64,A74,2,A93,A101,1,A123,23,A143,A152,3,A173,1,A191,A201,1
A12,13,A32,A40,1446,A61,A73,4,A91,A101,4,A123,58,A143,A152,1,A173,1,A191,A201,1
A11,12,A32,A48,1046,A61,A73,3,A95,A101,2,A122,25,A143,A152,2,A174,1,A191,A201,1
A14,8,A33,A40,1507,A61,A74,3,A94,A101,4,A122,38,A142,A152,1,A172,1,A192,A202,1
A13,50,A31,A43,5535,A62,A73,4,A95,A101,3,A123,37,A143,A153,1,A173,1,A192,A201,1
A14,12,A32,A40,3170,A62,A73,3,A91,A101,2,A121,19,A143,A152,2,A172,1,A191,A201,1
A14,18,A34,A41,3306,A64,A73,3,A95,A101,2,A124,34,A143,A152,1,A173,2,A192,A201,1
A12,17,A32,A43,670,A65,A72,2,A94,A101,4,A123,40,A143,A152,4,A173,1,A191,A201,1
A11,23,A34,A42,807,A62,A75,3,A94,A101,1,A122,39,A143,A152,2,A174,1,A191,A201,1
A12,28,A32,A40,250,A61,A73,2,A92,A102,2,A122,45,A141,A151,2,A173,1,A191,A201,1
A13,29,A34,A40,1026,A61,A72,4,A93,A101,4,A123,33,A143,A152,1,A172,1,A191,A201,1
A14,15,A31,A42,3532,A65,A75,2,A95,A101,2,A121,43,A143,A152,2,A173,1,A191,A201,1
A12,18,A32,A43,2596,A61,A75,4,A93,A101,3,A122,30,A143,A151,1,A172,1,A191,A201,1
A11,22,A32,A48,1548,A61,A75,1,A93,A101,4,A123,25,A143,A152,2,A173,1,A192,A201,2
A12,17,A32,A40,1780,A62,A73,2,A95,A101,2,A122,26,A143,A152,1,A173,1,A192,A201,1
A12,41,A34,A42,1116,A61,A72,3,A93,A101,2,A123,25,A141,A152,2,A172,1,A192,A201,2
A14,25,A34,A40,2086,A65,A73,4,A93,A101,3,A121,47,A143,A152,1,A173,1,A192,A202,1
A13,27,A32,A40,3090,A62,A72,3,A93,A101,4,A123,25,A143,A152,1,A173,1,A191,A201,1
A12,27,A32,A43,583,A61,A75,4,A95,A101,4,A121,39,A143,A153,1,A173,1,A192,A201,1
A14,34,A32,A43,2229,A65,A72,2,A92,A101,4,A121,34,A143,A152,1,A171,1,A191,A201,1
A13,21,A32,A40,3472,A61,A73,2,A93,A101,4,A124,35,A143,A152,2,A174,1,A191,A201,1
A11,11,A34,A40,1352,A61,A73,1,A93,A101,2,A123,51,A143,A152,1,A173,1,A192,A201,1
A11,24,A34,A40,2952,A61,A73,2,A93,A101,1,A122,32,A143,A151,1,A173,1,A191,A201,1
A11,14,A33,A46,12968,A61,A75,2,A93,A101,2,A121,42,A143,A152,1,A173,1,A192,A201,1
A11,15,A34,A48,1680,A61,A73,2,A95,A103,2,A123,36,A141,A152,1,A173,1,A191,A201,2
A11,26,A32,A40,2381,A61,A72,4,A95,A101,4,A122,35,A143,A151,1,A173,1,A191,A201,2
A11,35,A34,A40,1078,A61,A73,1,A92,A101,4,A124,65,A143,A152,2,A173,2,A191,A201,1
A12,20,A33,A46,2052,A61,A73,3,A93,A101,1,A124,25,A143,A151,1,A171,1,A191,A201,1
A11,23,A34,A48,2495,A64,A72,3,A91,A101,4,A123,50,A143,A152,1,A173,1,A191,A201,2
A14,43,A34,A42,2072,A64,A74,3,A93,A101,2,A122,43,A143,A152,1,A174,1,A191,A201,2
A11,22,A32,A40,885,A61,A73,3,A93,A101,2,A122,32,A143,A153,1,A173,1,A191,A201,1
A12,64,A34,A40,2089,A61,A74,2,A95,A101,4,A123,54,A143,A152,1,A172,1,A192,A201,2
A12,25,A32,A43,5031,A61,A75,2,A94,A101,2,A121,23,A141,A152,1,A173,1,A191,A201,2
A14,9,A32,A42,2475,A61,A75,4,A92,A101,3,A122,32,A143,A152,2,A174,2,A191,A201,1
A11,28,A32,A40,3545,A64,A75,4,A92,A101,1,A121,27,A141,A152,1,A173,2,A192,A201,1
A12,23,A34,A43,1531,A63,A73,2,A93,A101,2,A121,40,A143,A152,1,A172,1,A192,A201,1
A14,35,A34,A40,3056,A61,A72,1,A93,A103,4,A121,27,A141,A152,1,A174,1,A191,A201,1
A14,27,A33,A43,2198,A61,A73,4,A93,A101,4,A122,40,A143,A152,2,A173,1,A191,A201,1
A14,18,A34,A41,929,A61,A75,3,A95,A101,2,A123,34,A141,A152,3,A173,1,A192,A201,1
A11,11,A32,A40,2259,A62,A75,3,A95,A101,2,A122,32,A143,A151,1,A173,1,A191,A201,1
A11,18,A34,A43,903,A61,A75,3,A93,A101,4,A122,40,A143,A152,4,A173,1,A192,A201,2
A14,13,A32,A42,1160,A65,A72,2,A95,A101,4,A121,34,A143,A152,1,A174,1,A191,A201,1
A14,15,A32,A48,2064,A64,A75,4,A93,A101,2,A123,27,A143,A152,1,A174,2,A192,A202,1
A13,26,A32,A43,2226,A61,A73,3,A93,A101,3,A121,73,A143,A152,1,A171,1,A192,A201,1
A13,42,A34,A41,786,A61,A71,2,A93,A101,4,A123,32,A143,A152,1,A174,1,A192,A201,2
A12,23,A34,A43,3781,A65,A73,3,A92,A101,3,A124,21,A141,A152,1,A172,1,A191,A201,2
A14,11,A32,A41,2698,A61,A71,4,A95,A101,1,A121,29,A143,A152,1,A173,1,A191,A201,1
A11,24,A30,A48,1103,A61,A73,4,A93,A101,4,A121,26,A143,A152,1,A173,2,A191,A201,1
A12,34,A34,A42,616,A61,A73,1,A93,A101,2,A122,44,A143,A152,1,A173,2,A192,A201,2
A12,15,A30,A43,1633,A65,A73,3,A93,A101,3,A124,39,A143,A151,1,A173,1,A192,A201,2
A12,18,A33,A40,1323,A62,A74,4,A91,A101,3,A123,40,A143,A151,1,A173,1,A192,A201,1
A11,20,A34,A42,1957,A62,A75,4,A92,A101,4,A124,33,A143,A152,2,A174,1,A192,A201,1
A11,14,A32,A46,1402,A65,A74,4,A93,A101,3,A122,34,A143,A153,1,A173,1,A191,A201,1
A14,26,A32,A44,443,A65,A73,2,A93,A101,2,A124,33,A143,A152,2,A173,1,A192,A201,1
A12,19,A33,A40,1377,A65,A75,4,A93,A101,2,A121,35,A141,A152,1,A174,1,A192,A201,1
A13,24,A34,A40,1459,A61,A75,4,A93,A101,4,A121,45,A143,A153,1,A172,1,A191,A201,1
A11,13,A32,A45,2817,A61,A72,1,A93,A101,2,A124,39,A141,A152,1,A173,1,A191,A201,2
A12,16,A34,A48,1109,A63,A73,3,A93,A101,2,A124,41,A143,A152,1,A173,1,A191,A201,1
A12,27,A31,A40,5855,A63,A73,3,A93,A101,2,A121,41,A143,A152,1,A173,1,A192,A201,1
A11,16,A32,A42,474,A62,A71,4,A95,A103,4,A121,45,A143,A152,1,A173,1,A192,A201,1
A12,43,A34,A42,4527,A61,A74,2,A93,A101,3,A121,39,A143,A152,1,A172,1,A192,A201,2
A11,16,A34,A46,1545,A64,A75,4,A93,A101,2,A121,40,A143,A152,1,A174,1,A192,A201,1
A11,22,A32,A40,3300,A63,A72,4,A92,A103,2,A121,49,A143,A152,2,A172,1,A192,A201,1
A14,30,A34,A40,1911,A61,A75,4,A93,A101,4,A124,30,A143,A152,1,A173,1,A191,A201,1
A12,10,A32,A43,4014,A61,A75,4,A91,A101,3,A123,29,A141,A153,1,A172,2,A192,A202,1
A14,9,A32,A40,1378,A61,A75,4,A93,A101,4,A123,27,A143,A152,1,A173,2,A192,A201,1
A11,10,A32,A42,837,A61,A73,1,A92,A101,4,A123,38,A143,A152,2,A173,1,A192,A201,2
A14,35,A34,A42,4887,A61,A75,4,A93,A101,4,A123,23,A142,A151,1,A174,1,A192,A201,1
A14,15,A32,A41,1669,A61,A73,3,A93,A102,2,A123,41,A143,A151,1,A173,1,A192,A201,2
A13,63,A32,A42,2111,A61,A73,4,A93,A101,4,A123,35,A143,A152,3,A173,1,A191,A201,2
A12,15,A32,A43,4291,A62,A71,2,A92,A101,1,A122,48,A143,A152,2,A174,1,A191,A202,1
A12,21,A34,A40,877,A62,A71,4,A92,A101,2,A123,30,A143,A152,1,A173,1,A192,A201,2
A12,40,A33,A43,2743,A65,A74,4,A93,A101,4,A123,34,A143,A151,1,A173,1,A192,A201,1
A14,49,A34,A44,1196,A61,A73,4,A92,A101,2,A123,48,A143,A153,2,A173,1,A192,A201,1
A14,50,A32,A43,1648,A61,A73,1,A93,A101,2,A124,51,A143,A152,2,A173,1,A192,A201,1
A14,34,A33,A40,1901,A65,A72,2,A93,A101,2,A122,30,A143,A152,1,A173,2,A191,A201,1
A11,31,A32,A40,632,A61,A74,4,A93,A101,3,A123,38,A143,A152,1,A172,1,A192,A201,1
A14,26,A34,A41,1048,A65,A71,1,A93,A102,3,A121,39,A143,A151,1,A173,2,A192,A201,1
A14,28,A34,A42,4655,A65,A75,4,A94,A101,4,A123,40,A143,A152,1,A173,1,A192,A202,1
A11,15,A30,A42,3362,A61,A72,1,A91,A101,4,A122,34,A143,A152,2,A174,1,A191,A202,2
A11,13,A33,A43,1730,A65,A72,4,A93,A101,4,A121,50,A143,A152,1,A174,1,A192,A201,1
A14,20,A31,A40,2143,A61,A73,3,A93,A101,2,A122,22,A143,A152,3,A173,1,A192,A201,1
A13,18,A32,A40,1471,A61,A73,4,A92,A101,4,A123,32,A143,A151,2,A173,1,A192,A201,1
A14,16,A32,A42,4673,A62,A73,4,A93,A101,2,A121,40,A143,A152,1,A173,1,A191,A201,2
A11,27,A32,A43,1571,A61,A73,3,A93,A101,2,A124,41,A141,A153,1,A173,1,A191,A201,2
A14,30,A32,A40,2126,A65,A75,2,A93,A101,1,A121,51,A143,A151,1,A174,1,A192,A201,1
A11,20,A33,A43,4032,A61,A74,1,A93,A103,3,A124,49,A143,A152,1,A174,1,A191,A201,2
A11,39,A32,A41,1049,A61,A71,4,A93,A101,1,A123,34,A142,A153,2,A174,1,A192,A201,1
A11,12,A34,A47,5383,A61,A73,3,A93,A102,2,A122,50,A143,A152,2,A172,1,A192,A201,2
A14,18,A32,A48,619,A62,A75,4,A93,A101,2,A122,30,A143,A152,1,A173,2,A192,A201,1
A14,14,A31,A41,5657,A61,A73,3,A93,A101,2,A123,46,A143,A152,1,A174,1,A191,A201,2
A12,8,A34,A40,1392,A61,A72,3,A93,A101,3,A123,57,A143,A152,2,A173,1,A191,A201,2
A12,19,A32,A42,1525,A65,A75,3,A91,A101,4,A123,49,A143,A152,1,A173,1,A192,A201,1
A14,19,A32,A41,481,A61,A74,1,A92,A101,4,A122,37,A143,A152,1,A173,2,A192,A201,1
A12,39,A33,A43,1315,A65,A73,3,A93,A101,2,A122,33,A142,A151,2,A173,1,A191,A202,2
A14,26,A32,A45,873,A61,A71,4,A95,A101,2,A124,24,A143,A152,1,A174,1,A191,A201,1
A12,12,A31,A43,1181,A63,A72,4,A93,A102,4,A121,39,A143,A152,2,A173,1,A192,A201,2
A12,46,A32,A45,1642,A63,A74,2,A92,A101,1,A122,27,A143,A152,1,A173,1,A191,A201,1
A12,34,A34,A42,3534,A61,A72,4,A94,A101,4,A122,30,A143,A152,4,A173,1,A192,A201,2
A12,26,A33,A40,2090,A61,A73,4,A93,A101,2,A123,27,A143,A152,1,A173,1,A192,A201,2
A14,18,A33,A43,2242,A65,A73,3,A93,A101,4,A123,32,A143,A151,1,A174,2,A192,A201,1
A12,13,A33,A42,839,A61,A73,1,A94,A101,2,A122,36,A143,A152,1,A173,1,A192,A201,2
A11,16,A32,A43,976,A65,A75,1,A93,A101,3,A121,39,A143,A152,1,A173,2,A192,A201,1
A14,32,A32,A41,6368,A61,A75,3,A92,A101,4,A121,31,A141,A152,1,A172,2,A191,A201,1
A12,46,A34,A40,1080,A61,A74,4,A93,A101,3,A122,47,A143,A151,1,A173,1,A192,A201,1
A13,40,A32,A49,5763,A61,A72,4,A93,A101,2,A122,34,A143,A151,3,A173,1,A192,A201,1
A14,16,A32,A40,1525,A65,A72,1,A93,A101,3,A124,30,A143,A152,3,A174,1,A192,A201,1
A14,12,A32,A49,1810,A61,A73,2,A93,A101,4,A122,38,A143,A152,1,A173,2,A192,A201,1
A11,21,A32,A48,3824,A65,A72,4,A95,A101,1,A121,59,A143,A153,2,A173,1,A192,A201,2
A14,9,A34,A43,4404,A65,A75,4,A95,A103,1,A124,39,A143,A153,1,A172,1,A191,A201,1
A14,23,A31,A43,1673,A61,A72,4,A94,A101,3,A122,33,A143,A153,2,A173,1,A192,A201,1
A12,18,A32,A43,1377,A61,A73,4,A94,A101,2,A123,24,A141,A153,1,A174,2,A191,A201,1
A11,16,A32,A46,1738,A63,A73,1,A95,A101,4,A121,34,A143,A152,1,A173,1,A191,A201,1
A14,9,A34,A41,2290,A61,A74,4,A92,A101,2,A122,38,A141,A152,2,A173,1,A191,A201,1
A14,25,A32,A42,3374,A64,A72,4,A93,A102,2,A124,33,A143,A152,2,A173,1,A191,A201,1
A12,15,A32,A43,1813,A61,A73,2,A93,A101,2,A123,24,A143,A152,1,A172,1,A191,A201,1
A14,11,A34,A42,2788,A61,A73,4,A94,A101,3,A122,29,A143,A152,2,A173,1,A191,A201,1
A14,5,A33,A42,5692,A64,A75,2,A93,A103,1,A123,52,A142,A152,3,A173,2,A192,A201,1
A11,19,A32,A41,2361,A61,A71,1,A93,A101,1,A124,52,A143,A152,1,A173,1,A191,A201,2
A12,44,A32,A43,2248,A61,A75,2,A92,A101,1,A121,29,A143,A152,1,A174,1,A192,A201,2
A11,42,A32,A46,624,A61,A75,2,A93,A102,4,A122,43,A143,A151,4,A173,1,A191,A201,1
A14,16,A32,A40,286,A61,A73,3,A93,A101,2,A124,27,A143,A152,1,A173,1,A192,A201,1
A11,15,A32,A48,2372,A61,A75,3,A92,A102,4,A121,51,A142,A152,1,A174,1,A192,A201,1
A13,24,A32,A43,1691,A64,A71,3,A93,A101,1,A123,38,A143,A152,1,A174,1,A192,A201,1
A14,12,A32,A45,1260,A61,A75,3,A93,A103,1,A123,46,A143,A152,2,A173,1,A192,A201,1
A14,23,A32,A43,2144,A61,A73,2,A93,A101,3,A123,23,A143,A152,2,A172,1,A192,A201,1
A12,28,A33,A43,1733,A62,A73,1,A93,A103,3,A122,43,A143,A151,1,A173,1,A192,A201,1
A14,34,A34,A40,3981,A61,A73,4,A93,A101,4,A122,36,A143,A152,4,A173,1,A191,A201,2
A11,19,A32,A45,1920,A61,A72,3,A93,A101,4,A123,45,A143,A152,2,A172,1,A192,A201,1
A14,18,A31,A40,1071,A65,A75,2,A92,A101,4,A121,46,A143,A152,2,A172,1,A191,A201,1
A11,13,A31,A47,3615,A63,A71,4,A94,A101,3,A122,37,A142,A152,1,A172,1,A191,A201,2
A12,13,A34,A49,1553,A61,A74,4,A93,A101,3,A121,31,A143,A152,1,A173,1,A191,A201,1
A14,18,A32,A41,2613,A62,A73,4,A93,A101,2,A121,44,A143,A153,2,A173,1,A192,A201,1
A11,23,A32,A40,1294,A61,A75,3,A93,A101,4,A124,36,A141,A152,1,A173,1,A192,A201,1
A11,30,A32,A43,1147,A62,A73,2,A92,A101,3,A122,29,A143,A152,2,A172,1,A192,A201,1
A14,13,A33,A41,1917,A61,A73,4,A94,A101,3,A124,29,A143,A152,2,A173,1,A192,A201,1
A14,39,A33,A46,1824,A61,A73,2,A93,A103,2,A121,25,A143,A151,1,A173,1,A191,A201,1
A14,17,A32,A40,2529,A61,A74,3,A93,A101,1,A123,32,A143,A152,2,A173,1,A192,A201,1
A14,19,A30,A40,1498,A61,A72,1,A92,A101,4,A121,48,A143,A152,1,A173,1,A192,A201,1
A12,14,A34,A48,499,A61,A72,4,A95,A101,2,A123,38,A142,A152,1,A173,1,A192,A201,1
A11,6,A32,A43,1335,A65,A72,2,A93,A101,3,A123,32,A143,A151,1,A173,1,A192,A201,1
A12,29,A33,A46,3151,A61,A74,4,A92,A101,1,A121,44,A141,A151,1,A173,1,A192,A201,2
A11,27,A33,A41,1468,A61,A72,4,A93,A101,4,A124,29,A143,A152,1,A173,1,A192,A201,2
A14,17,A32,A43,1521,A61,A74,3,A94,A101,1,A121,37,A143,A152,2,A173,1,A191,A201,1
A13,20,A32,A43,3606,A61,A72,4,A93,A101,4,A123,34,A143,A152,2,A173,1,A191,A201,1
A12,25,A32,A43,1098,A63,A75,4,A93,A101,2,A124,44,A143,A152,1,A172,1,A191,A201,1
A12,9,A32,A43,614,A61,A75,4,A93,A101,4,A124,24,A143,A151,2,A173,1,A191,A201,1
A14,15,A34,A43,1615,A61,A73,3,A93,A101,4,A124,29,A143,A152,1,A173,2,A192,A201,1
A11,28,A34,A42,1288,A61,A73,4,A93,A101,2,A122,24,A143,A151,1,A172,1,A192,A201,1
A13,11,A32,A41,919,A63,A73,3,A92,A101,3,A121,34,A143,A152,1,A172,1,A192,A201,1
A12,22,A32,A43,1599,A61,A71,4,A93,A101,2,A121,49,A143,A152,2,A173,1,A192,A202,1
A14,10,A34,A40,2550,A61,A73,3,A95,A101,2,A122,32,A143,A152,2,A173,1,A192,A202,1
A11,24,A34,A43,1796,A61,A74,3,A93,A101,4,A123,32,A142,A152,1,A173,1,A191,A201,1
A14,19,A34,A40,2241,A61,A73,4,A93,A101,2,A121,45,A143,A153,2,A173,1,A191,A201,1
A14,9,A32,A43,6434,A61,A75,4,A93,A101,2,A123,47,A141,A152,2,A172,1,A192,A202,2
A13,33,A32,A43,1422,A62,A73,3,A93,A101,2,A122,35,A143,A152,3,A173,1,A192,A201,1
A14,14,A33,A40,2196,A62,A74,2,A94,A101,2,A122,43,A143,A152,1,A171,1,A192,A201,1
A14,13,A33,A40,1265,A65,A73,3,A93,A101,4,A123,27,A143,A152,1,A173,1,A191,A201,1
A14,21,A32,A40,999,A61,A73,4,A92,A101,2,A122,51,A143,A152,1,A172,1,A192,A201,1
A11,33,A30,A43,1200,A61,A73,4,A95,A101,4,A123,62,A143,A152,4,A173,1,A191,A201,2
A13,12,A32,A46,1293,A61,A73,4,A93,A101,4,A121,41,A143,A152,1,A173,2,A192,A201,1
A14,20,A32,A40,2325,A65,A73,1,A94,A102,2,A123,21,A143,A152,1,A173,1,A192,A201,1
A12,24,A32,A43,9361,A61,A74,3,A93,A101,2,A121,31,A143,A152,1,A172,2,A191,A201,1
A14,27,A34,A42,1095,A63,A75,4,A94,A101,4,A121,42,A143,A152,1,A173,1,A191,A201,2
A14,21,A32,A42,1350,A61,A73,4,A92,A101,2,A123,32,A143,A152,1,A173,1,A191,A201,1
A14,17,A34,A48,1729,A61,A71,1,A93,A101,1,A124,50,A143,A152,1,A173,1,A191,A201,1
A12,13,A32,A41,2385,A61,A73,4,A94,A101,2,A121,42,A143,A152,1,A173,1,A192,A201,1
A11,20,A33,A42,2174,A61,A73,3,A92,A101,3,A122,30,A143,A152,1,A173,1,A191,A201,1
A14,12,A34,A40,4442,A65,A72,2,A92,A101,4,A123,36,A143,A152,1,A173,1,A192,A201,2
A14,5,A32,A40,330,A65,A75,2,A93,A101,2,A121,29,A143,A152,1,A173,2,A191,A202,1
A11,24,A30,A41,340,A61,A75,2,A94,A101,1,A123,34,A143,A153,1,A174,1,A192,A201,2
A14,30,A32,A40,1277,A61,A75,3,A92,A101,4,A123,31,A143,A152,3,A172,1,A192,A201,1
A14,6,A32,A43,3897,A65,A72,1,A94,A101,4,A121,49,A143,A152,1,A172,1,A192,A201,1
A12,12,A34,A42,604,A62,A75,2,A93,A101,3,A122,62,A143,A152,2,A173,1,A192,A201,1
A13,26,A34,A43,250,A61,A74,4,A93,A101,4,A123,25,A143,A152,1,A174,1,A191,A201,2
A12,50,A32,A40,2696,A61,A73,2,A94,A101,2,A122,22,A143,A152,2,A174,1,A192,A201,1
A11,20,A32,A41,2144,A61,A73,2,A93,A103,4,A123,34,A143,A152,1,A173,2,A191,A201,1
A12,14,A32,A43,842,A61,A75,3,A92,A101,2,A121,25,A143,A152,1,A173,1,A191,A201,1
A14,18,A34,A48,906,A61,A73,3,A93,A101,2,A123,37,A143,A152,1,A173,1,A191,A201,1
A11,37,A30,A40,917,A61,A73,4,A93,A101,4,A121,44,A143,A152,2,A173,1,A192,A201,2
A12,15,A32,A47,1953,A61,A73,3,A93,A101,2,A123,53,A143,A152,1,A173,2,A192,A201,1
A12,14,A32,A43,1166,A61,A74,4,A94,A101,4,A122,38,A141,A151,1,A174,1,A192,A201,1
A12,16,A33,A43,2555,A61,A72,4,A93,A101,2,A121,34,A143,A152,1,A173,2,A192,A201,2
A14,13,A32,A42,250,A65,A75,2,A93,A101,4,A123,22,A143,A152,1,A173,1,A191,A201,1
A12,21,A34,A40,992,A62,A74,2,A93,A101,4,A121,36,A143,A153,1,A173,1,A192,A201,1
A12,41,A32,A40,822,A61,A74,3,A92,A101,2,A122,37,A143,A152,1,A173,1,A192,A201,1
A14,23,A32,A43,1511,A65,A72,3,A92,A101,4,A122,42,A143,A152,1,A173,1,A192,A201,1
A12,17,A34,A42,1240,A65,A74,4,A94,A101,2,A122,30,A142,A151,1,A173,1,A192,A201,1
A11,17,A34,A48,3160,A61,A72,4,A92,A103,4,A124,32,A143,A152,2,A171,1,A191,A202,2
A12,9,A30,A42,491,A61,A72,3,A92,A101,3,A123,25,A143,A151,1,A172,1,A191,A201,2
A11,29,A32,A40,1866,A63,A73,2,A93,A101,4,A121,20,A143,A152,1,A173,1,A192,A201,2
A11,19,A32,A43,2672,A65,A73,2,A93,A101,3,A123,27,A143,A152,2,A173,1,A191,A201,2
A12,18,A32,A41,6631,A65,A74,4,A94,A101,2,A123,24,A143,A152,2,A173,2,A191,A201,1
A12,72,A32,A43,1290,A65,A72,3,A93,A101,2,A124,39,A143,A152,1,A173,1,A192,A201,1
A14,22,A31,A43,2269,A61,A73,3,A91,A101,2,A122,32,A143,A153,2,A173,1,A192,A201,1
A12,14,A32,A48,511,A61,A72,2,A93,A101,4,A123,31,A143,A152,1,A172,1,A192,A201,1
A13,16,A34,A43,338,A61,A75,4,A93,A101,3,A122,28,A143,A152,1,A174,1,A192,A201,2
A14,33,A32,A43,3266,A61,A73,4,A93,A101,4,A122,19,A143,A153,3,A174,1,A192,A201,2
A11,21,A33,A43,1801,A61,A74,2,A93,A101,2,A122,53,A143,A152,3,A172,1,A191,A201,1
A14,10,A31,A48,4125,A62,A73,3,A94,A101,3,A121,28,A143,A152,1,A173,1,A192,A201,1
A11,30,A34,A41,691,A61,A72,4,A95,A101,1,A123,33,A143,A152,1,A173,1,A192,A201,2
A14,14,A34,A40,2601,A63,A75,3,A93,A103,4,A122,25,A143,A151,1,A174,1,A191,A201,1
A11,46,A34,A41,6688,A61,A73,4,A93,A101,4,A124,46,A143,A151,1,A173,1,A191,A201,2
A12,32,A34,A40,2425,A61,A73,1,A93,A101,2,A121,37,A143,A152,1,A173,1,A192,A201,1
A11,16,A34,A43,2194,A61,A74,4,A95,A101,1,A123,29,A143,A152,1,A173,2,A192,A201,2
A14,35,A32,A43,1818,A61,A71,1,A95,A101,2,A124,33,A143,A152,3,A173,1,A191,A201,1
A12,20,A32,A43,602,A63,A75,4,A92,A101,4,A123,55,A143,A152,2,A172,1,A192,A201,1
A13,29,A32,A40,4669,A62,A73,4,A93,A101,3,A124,35,A143,A152,1,A173,1,A192,A201,1
A11,24,A34,A43,1178,A65,A73,4,A93,A101,4,A123,34,A143,A152,1,A172,1,A192,A201,1
A14,13,A34,A41,2573,A61,A71,4,A91,A101,2,A122,28,A143,A153,1,A174,1,A192,A201,2
A11,15,A32,A43,605,A61,A72,4,A91,A101,4,A123,22,A143,A152,1,A172,1,A192,A201,1
A14,31,A31,A43,791,A61,A75,3,A93,A101,4,A121,35,A143,A152,1,A174,2,A192,A201,1
A11,17,A32,A42,4937,A61,A74,4,A93,A101,2,A123,39,A143,A152,2,A173,1,A192,A201,1
A11,16,A34,A40,1417,A65,A73,4,A91,A101,3,A121,48,A143,A151,1,A173,2,A191,A201,1
A11,13,A32,A40,5000,A62,A72,3,A93,A101,2,A123,20,A143,A152,2,A174,1,A191,A201,1
A12,24,A32,A45,1711,A65,A74,4,A93,A101,3,A123,27,A143,A152,2,A174,1,A191,A201,2
A13,50,A32,A48,498,A61,A73,4,A93,A101,4,A122,31,A141,A152,1,A173,1,A192,A202,2
A11,12,A32,A43,3376,A65,A73,3,A93,A101,2,A121,36,A143,A152,1,A172,1,A192,A201,1
A14,20,A34,A40,1196,A61,A73,3,A92,A103,4,A124,35,A142,A152,1,A173,1,A192,A201,2
A12,37,A33,A42,2948,A65,A72,2,A93,A101,3,A121,35,A143,A151,2,A173,2,A191,A201,2
A12,19,A34,A43,1840,A61,A74,1,A92,A101,2,A121,40,A143,A152,2,A173,2,A191,A201,1
A12,24,A32,A43,613,A61,A75,2,A93,A101,3,A121,29,A143,A151,1,A173,2,A192,A201,1
A12,12,A33,A40,2028,A61,A72,3,A92,A101,3,A124,46,A143,A152,1,A171,1,A192,A201,2
A13,24,A32,A40,8411,A65,A74,3,A93,A101,2,A124,40,A143,A152,1,A173,2,A192,A201,1
A11,18,A33,A43,2553,A61,A73,3,A92,A101,1,A123,33,A141,A152,4,A173,1,A192,A201,2
A11,31,A32,A42,1736,A61,A73,4,A93,A101,2,A124,54,A143,A152,2,A172,2,A192,A201,2
A14,34,A32,A41,3838,A65,A73,3,A93,A101,1,A121,54,A142,A153,1,A173,1,A191,A201,1
A14,64,A33,A40,2095,A61,A75,3,A92,A101,1,A124,46,A141,A152,1,A173,1,A192,A201,2
A12,26,A34,A43,2093,A61,A73,2,A93,A102,2,A121,19,A142,A152,1,A173,2,A192,A201,1
A11,23,A31,A46,842,A61,A73,1,A92,A101,2,A121,54,A143,A152,1,A172,2,A192,A201,1
A14,21,A34,A48,2129,A61,A73,4,A93,A101,4,A121,44,A143,A153,1,A173,1,A191,A201,1
A12,17,A32,A43,3732,A65,A72,4,A93,A101,2,A123,60,A143,A152,1,A173,1,A192,A201,1
A11,23,A32,A42,1007,A63,A72,4,A93,A101,4,A123,49,A143,A152,3,A173,1,A192,A201,1
A11,17,A30,A40,4900,A61,A74,2,A93,A101,3,A122,54,A141,A151,1,A173,1,A191,A201,2
A14,21,A32,A43,1695,A65,A72,4,A95,A101,4,A124,45,A143,A151,1,A173,1,A192,A201,1
A14,36,A32,A42,971,A61,A74,2,A93,A101,2,A122,51,A141,A152,2,A172,1,A192,A201,1
A11,12,A31,A43,3634,A61,A73,2,A93,A101,4,A121,60,A143,A152,1,A173,1,A191,A201,1
A11,33,A32,A42,1479,A61,A73,1,A93,A101,3,A122,38,A142,A152,1,A174,1,A192,A201,2
A11,36,A34,A41,3076,A61,A73,2,A95,A101,4,A123,24,A143,A153,1,A172,1,A192,A201,2
A14,19,A32,A40,1474,A61,A73,2,A93,A101,2,A123,33,A143,A151,1,A174,1,A192,A201,1
A11,7,A34,A41,1733,A65,A72,2,A93,A101,1,A122,40,A143,A152,1,A173,1,A192,A201,2
A11,15,A32,A40,2554,A63,A73,4,A94,A101,4,A123,37,A143,A153,1,A173,1,A191,A201,1
A14,36,A33,A40,2216,A61,A74,2,A93,A101,1,A121,26,A143,A151,2,A173,1,A191,A201,1
A11,19,A32,A48,447,A61,A74,2,A94,A101,3,A123,24,A143,A152,1,A173,1,A191,A201,1
A14,12,A32,A42,824,A63,A73,2,A94,A101,2,A124,30,A143,A152,2,A174,1,A191,A201,1
A11,16,A32,A43,3465,A65,A73,4,A92,A101,4,A121,44,A143,A151,1,A173,1,A192,A202,1
A11,29,A31,A46,1648,A65,A72,1,A93,A101,4,A124,54,A143,A152,2,A172,1,A192,A201,2
A11,25,A32,A49,1253,A61,A72,4,A93,A101,3,A123,46,A143,A152,2,A173,1,A191,A201,2
A14,18,A33,A43,698,A64,A71,4,A93,A102,4,A121,47,A141,A152,2,A172,2,A192,A201,1
A14,17,A34,A45,849,A61,A75,2,A93,A101,3,A124,35,A143,A152,1,A173,1,A192,A201,1
A14,16,A34,A41,439,A61,A72,3,A93,A101,3,A122,23,A143,A152,2,A173,1,A191,A202,2
A12,13,A33,A41,1684,A61,A72,1,A92,A101,4,A122,32,A143,A152,1,A174,1,A192,A201,1
A14,41,A32,A42,1189,A61,A73,4,A91,A101,4,A121,34,A143,A152,2,A173,1,A192,A201,1
A11,17,A32,A43,919,A61,A72,3,A93,A101,4,A121,32,A141,A151,1,A172,2,A192,A201,2
A12,34,A32,A43,1723,A61,A74,2,A92,A101,2,A123,37,A143,A152,1,A173,1,A191,A201,2
A14,39,A32,A41,2332,A61,A72,2,A92,A101,3,A123,40,A143,A151,1,A173,1,A192,A201,2
A11,31,A32,A40,7826,A63,A72,4,A92,A101,2,A124,45,A143,A152,2,A173,1,A192,A201,2
A11,16,A32,A43,627,A61,A74,3,A93,A103,3,A121,34,A143,A152,1,A174,1,A192,A202,1
A11,24,A32,A40,4070,A61,A73,2,A93,A101,3,A121,22,A143,A152,3,A173,1,A191,A201,1
A11,19,A32,A43,3573,A61,A74,4,A91,A101,4,A121,32,A143,A151,3,A171,1,A192,A201,1
A11,13,A34,A43,1047,A65,A73,4,A95,A101,4,A122,37,A143,A152,1,A174,2,A191,A201,2
A13,23,A34,A43,2084,A61,A73,4,A93,A101,2,A124,49,A141,A152,1,A172,1,A192,A201,2
A12,11,A32,A43,1312,A61,A74,2,A93,A101,1,A123,31,A143,A151,2,A172,1,A191,A201,2
A14,34,A34,A46,2059,A61,A72,4,A93,A103,4,A122,41,A141,A153,1,A173,1,A191,A201,2
A14,16,A34,A42,5199,A65,A73,4,A93,A101,2,A124,39,A143,A151,1,A174,2,A192,A201,2
A12,21,A32,A43,2762,A65,A73,2,A93,A103,4,A123,37,A143,A152,3,A173,1,A191,A201,1
A11,22,A32,A43,2581,A61,A73,4,A92,A101,1,A121,46,A143,A151,3,A173,1,A191,A201,2
A12,17,A32,A40,1337,A61,A74,3,A92,A101,2,A123,31,A141,A152,3,A173,1,A191,A201,1
A13,26,A34,A40,639,A65,A75,4,A94,A101,4,A122,31,A143,A151,1,A173,1,A191,A201,1
A11,16,A34,A41,1562,A61,A75,2,A93,A101,1,A121,36,A143,A152,1,A173,1,A192,A201,1
A14,29,A32,A42,4207,A62,A74,4,A93,A101,2,A121,31,A143,A152,1,A173,1,A192,A201,1
A12,10,A32,A43,620,A61,A73,3,A94,A101,2,A122,41,A143,A152,1,A173,2,A191,A201,1
A13,21,A32,A46,863,A61,A72,4,A93,A101,4,A122,30,A143,A152,1,A174,2,A192,A201,1
A12,48,A32,A40,1975,A61,A73,2,A93,A101,4,A122,38,A141,A151,1,A173,1,A191,A201,2
A12,12,A32,A40,907,A61,A73,4,A93,A101,2,A121,35,A143,A152,1,A172,2,A192,A201,1
A14,14,A34,A48,1038,A62,A73,4,A91,A101,1,A123,38,A143,A151,2,A173,1,A192,A201,1
A14,25,A33,A40,1344,A65,A75,2,A93,A103,4,A124,32,A143,A153,2,A173,1,A191,A201,1
A11,21,A34,A42,695,A61,A73,4,A93,A102,2,A123,33,A143,A151,2,A174,1,A192,A201,2
A14,23,A34,A43,914,A64,A73,4,A94,A101,4,A122,37,A143,A152,1,A172,1,A191,A201,1
A12,25,A34,A43,2958,A61,A73,2,A95,A101,1,A121,38,A143,A152,1,A172,1,A191,A201,2
A14,26,A32,A40,724,A61,A75,3,A95,A101,2,A121,36,A143,A152,2,A173,1,A192,A202,1
A14,33,A32,A40,590,A61,A74,3,A95,A101,4,A121,56,A143,A152,1,A173,1,A192,A201,1
A12,24,A32,A40,1163,A65,A74,2,A93,A101,2,A123,28,A143,A152,1,A173,2,A192,A201,1
A11,18,A33,A43,3018,A63,A73,1,A93,A101,4,A123,36,A141,A152,1,A173,2,A192,A201,2
A11,27,A32,A43,1575,A62,A75,2,A93,A101,1,A123,24,A142,A153,1,A172,1,A192,A201,1
A12,47,A33,A40,1306,A65,A71,2,A93,A101,2,A123,40,A143,A152,2,A173,2,A192,A201,1
A14,18,A32,A43,1865,A62,A75,3,A94,A101,4,A122,27,A143,A152,2,A173,1,A191,A201,1
A11,12,A32,A45,532,A65,A73,2,A92,A101,2,A122,34,A141,A152,3,A173,2,A192,A201,1
A11,33,A32,A40,2556,A63,A73,4,A95,A101,4,A123,33,A141,A152,1,A173,1,A192,A201,1
A14,19,A30,A42,2364,A65,A73,4,A94,A101,2,A122,39,A143,A152,1,A173,1,A192,A201,1
A14,7,A34,A43,1357,A61,A74,1,A95,A101,3,A121,31,A143,A152,2,A173,2,A192,A201,1
A12,29,A34,A41,3656,A61,A71,4,A94,A101,4,A122,31,A143,A152,1,A173,1,A191,A201,2
A11,15,A32,A41,821,A61,A75,4,A93,A101,2,A121,52,A143,A152,1,A173,1,A192,A201,1
A11,19,A32,A43,3981,A61,A73,4,A92,A101,4,A121,39,A143,A152,3,A172,1,A191,A201,1
A11,23,A31,A48,2014,A61,A73,1,A92,A101,3,A123,31,A143,A153,2,A173,1,A192,A201,2
A14,21,A30,A44,1428,A61,A72,2,A93,A101,2,A124,34,A143,A152,3,A173,2,A192,A201,1
A11,27,A32,A43,1783,A62,A73,4,A93,A101,3,A121,55,A141,A152,1,A173,1,A192,A201,2
A13,16,A34,A43,1677,A61,A73,4,A94,A101,3,A121,34,A143,A152,1,A172,2,A192,A202,2
A12,25,A32,A42,4247,A61,A73,4,A95,A101,2,A123,30,A143,A152,2,A174,1,A192,A201,1
A13,17,A32,A43,850,A61,A74,4,A93,A101,2,A121,30,A143,A151,1,A173,1,A192,A201,2
A14,28,A32,A42,1060,A65,A73,1,A91,A101,2,A122,31,A141,A151,2,A172,1,A192,A201,1
A14,26,A32,A40,3734,A61,A75,3,A92,A102,2,A121,31,A143,A151,1,A173,1,A192,A201,1
A11,13,A32,A43,1191,A61,A74,2,A92,A101,4,A121,26,A143,A152,2,A173,1,A192,A201,1
A11,32,A32,A43,3396,A63,A75,2,A93,A101,3,A123,27,A143,A152,1,A173,1,A191,A201,1
A11,15,A32,A42,5940,A62,A72,4,A93,A101,4,A123,29,A143,A152,1,A173,1,A191,A201,2
A14,28,A31,A48,1364,A61,A73,2,A91,A101,2,A121,42,A143,A152,1,A173,1,A192,A201,1
A14,23,A32,A40,2913,A61,A73,3,A93,A101,2,A122,33,A143,A153,2,A172,1,A192,A201,1
A13,45,A32,A41,806,A61,A73,4,A92,A101,4,A121,34,A143,A152,2,A173,1,A192,A201,1
A13,18,A32,A40,3066,A65,A75,2,A93,A101,3,A121,50,A143,A152,1,A173,1,A191,A201,1
A14,17,A34,A43,2078,A61,A72,4,A93,A101,3,A124,50,A143,A152,2,A173,1,A192,A201,1
A11,19,A32,A43,2517,A61,A72,4,A93,A101,1,A123,34,A143,A151,1,A172,1,A192,A201,1
A14,17,A32,A41,1150,A61,A75,3,A93,A101,2,A123,31,A141,A151,1,A172,1,A191,A201,1
A12,28,A32,A43,565,A61,A72,2,A95,A101,2,A123,29,A143,A151,1,A173,1,A192,A201,1
A12,9,A32,A42,2571,A64,A74,2,A92,A101,4,A123,43,A143,A152,3,A173,1,A192,A201,1
A12,12,A32,A43,426,A61,A73,3,A93,A101,2,A123,34,A141,A152,1,A173,1,A192,A201,1
A11,12,A33,A42,1447,A61,A75,2,A93,A101,4,A121,33,A143,A151,1,A173,1,A191,A201,2
A11,30,A33,A42,3494,A61,A72,2,A93,A101,4,A121,29,A143,A151,2,A172,2,A191,A201,2
A14,43,A32,A48,2067,A61,A72,4,A95,A101,2,A123,30,A143,A152,1,A173,1,A191,A201,2
A11,19,A32,A41,7071,A61,A73,2,A93,A101,3,A122,39,A143,A152,1,A171,1,A191,A201,2
A13,18,A32,A40,3705,A64,A75,4,A93,A101,4,A124,26,A143,A152,1,A173,1,A191,A201,1
A11,20,A34,A43,1143,A64,A73,1,A92,A101,4,A123,46,A143,A152,2,A173,1,A192,A201,1
A12,33,A33,A48,1842,A65,A73,4,A93,A101,2,A124,32,A141,A152,1,A173,1,A191,A201,2
A12,13,A32,A42,1749,A65,A74,4,A93,A101,2,A121,35,A143,A152,2,A173,1,A192,A201,1
A12,22,A32,A40,597,A62,A75,2,A92,A101,2,A124,26,A143,A151,2,A173,1,A192,A201,2
A14,31,A32,A42,936,A61,A75,2,A93,A101,1,A122,36,A143,A152,2,A173,1,A191,A201,1
A12,25,A32,A42,1221,A64,A75,4,A93,A101,3,A124,33,A143,A153,2,A172,1,A192,A201,1
A13,21,A32,A40,434,A65,A71,4,A92,A101,4,A121,36,A143,A153,1,A174,1,A192,A201,1
A12,31,A32,A43,1869,A64,A72,4,A93,A101,2,A123,52,A143,A152,1,A173,1,A192,A202,2
A14,5,A33,A49,1518,A61,A74,2,A93,A101,4,A123,38,A143,A153,2,A173,1,A191,A201,1
A14,27,A32,A42,560,A61,A75,2,A92,A101,4,A122,30,A141,A152,3,A171,1,A192,A201,1
A14,14,A32,A42,2399,A65,A73,4,A93,A101,2,A122,30,A143,A151,1,A173,1,A191,A201,1
A11,8,A34,A42,2984,A63,A73,4,A93,A101,2,A124,42,A143,A153,1,A173,1,A192,A201,1
A11,25,A32,A40,2119,A65,A75,3,A93,A101,4,A122,50,A143,A151,1,A172,1,A191,A201,1
A11,37,A32,A47,1441,A61,A71,4,A93,A101,4,A123,39,A143,A152,1,A173,1,A192,A201,2
A13,18,A32,A42,2735,A61,A73,3,A93,A101,4,A121,43,A143,A152,1,A173,1,A191,A201,1
A11,30,A30,A42,2910,A61,A73,3,A93,A101,1,A123,42,A143,A152,1,A171,1,A191,A201,2
A12,41,A34,A43,2242,A64,A73,2,A95,A101,2,A123,52,A143,A152,1,A173,2,A192,A201,1
A13,36,A31,A42,1015,A61,A74,3,A93,A101,1,A122,22,A143,A152,1,A173,1,A192,A201,1
A12,42,A32,A43,2194,A61,A73,3,A92,A101,3,A121,43,A143,A152,1,A172,1,A192,A201,1
A14,28,A32,A40,4174,A65,A74,1,A93,A101,4,A123,46,A143,A152,1,A173,2,A191,A201,1
A11,20,A33,A45,1190,A61,A74,3,A95,A101,1,A121,26,A141,A152,2,A173,2,A192,A201,1
A11,9,A33,A48,7852,A65,A73,4,A92,A101,4,A121,29,A143,A153,3,A173,1,A192,A201,2
A14,17,A32,A43,1251,A61,A74,4,A95,A101,3,A123,29,A143,A152,1,A174,1,A191,A201,1
A12,13,A30,A48,1849,A65,A73,4,A95,A101,4,A121,30,A143,A152,1,A173,1,A192,A201,2
A14,53,A34,A40,1129,A61,A72,4,A92,A101,4,A121,32,A143,A152,3,A173,1,A192,A201,1
A12,18,A32,A42,2113,A65,A72,1,A95,A101,1,A123,38,A143,A152,2,A173,2,A191,A201,1
A11,21,A34,A43,534,A65,A72,3,A93,A103,4,A121,45,A143,A151,1,A174,1,A192,A201,1
A14,25,A34,A43,1233,A61,A73,4,A94,A101,1,A122,47,A143,A152,1,A172,1,A192,A201,2
A14,20,A34,A42,841,A61,A75,3,A93,A101,2,A121,29,A143,A152,1,A173,1,A192,A201,1
A14,43,A32,A42,1987,A61,A74,2,A93,A101,4,A123,29,A143,A152,1,A173,2,A191,A201,1
A11,15,A32,A40,3626,A62,A75,2,A93,A101,4,A123,50,A143,A151,1,A173,2,A192,A201,1
A13,21,A34,A42,2841,A65,A73,4,A93,A101,3,A123,43,A143,A151,2,A173,2,A191,A201,1
A12,14,A32,A40,343,A61,A73,3,A91,A101,3,A121,37,A143,A152,1,A174,1,A192,A201,1
A11,11,A32,A43,7551,A62,A73,4,A93,A101,4,A121,41,A143,A152,2,A174,1,A191,A201,1
A14,15,A34,A40,2223,A61,A72,4,A92,A101,4,A121,36,A143,A152,2,A173,1,A192,A201,2
A11,19,A34,A40,1049,A64,A71,4,A93,A101,1,A122,41,A142,A152,2,A173,1,A192,A201,2
A14,16,A32,A43,2018,A65,A74,4,A93,A101,4,A124,33,A141,A152,2,A174,1,A191,A201,2
A12,14,A31,A43,2045,A61,A75,4,A93,A101,3,A121,39,A143,A151,3,A173,1,A192,A201,1
